date,category,ad,loc,floor,age,rooms,gross,price
26-09-2024,Daire,Menderes Mh. Öğrenciye Kiralık 4+1 130 M2 Teraslı Doğalgazlı Daire,İzmir / Buca / Menderes Mah.,2. Kat,25 Yaşında,4 + 1,130 m²,20.000
11-10-2024,Daire,Goldia Yapı'Dan Merkezi Konumda Sıfır Eşyalı Kiralık 1+1,İzmir / Buca / Kozağaç Mah.,Ara Kat,4 Yaşında,1 + 1,55 m²,17.500
11-10-2024,Daire,Buca Atatürk Mah.'Nde Eşyalı Kiralık Daire (1+1),İzmir / Buca / Atatürk Mah.,En Üst Kat,18 Yaşında,Stüdyo,70 m²,18.500
11-10-2024,Daire,İzmir Buca Laleli Mahallesi//Konak Tünelinden Çıkışda Sağa Dönünce//Uçanyol Yakını//Önü Açık//2+1/Da,İzmir / Buca / Laleli Mah.,4. Kat,25 Yaşında,2 + 1,90 m²,13.000
10-10-2024,Daire,Kuruluş Emlaktan Site İçi Kiralık 2+1 130m2 Daire,İzmir / Buca / Mustafa Kemal Mah.,Ara Kat,4 Yaşında,2 + 1,130 m²,29.500
11-10-2024,Daire,Eşyalı-2 Oda 1 Salon Sıfır Daireler-Sıfır Eşyalar-Doğalgazlı,İzmir / Buca / Yaylacık Mah.,Ara Kat,Sıfır Bina,2 + 1,75 m²,24.000
10-10-2024,Daire,Site İçi Kiralık 3+1 145m2 Arakat Daire,İzmir / Buca / Mustafa Kemal Mah.,12. Kat,3 Yaşında,3 + 1,145 m²,35.000
11-10-2024,Daire,Goldia Yapı’Dan Hasanağa Yakını 1+1 Eşyalı Kiralık Daire,İzmir / Buca / Adatepe Mah.,Yüksek Giriş,5 Yaşında,1 + 1,55 m²,17.000
11-10-2024,Daire,For Sale & For Rentten 3+1 Vali Rahmi Bey Mah 150 M2 Ara Kat Daire,İzmir / Buca / Vali Rahmi Bey Mah.,3. Kat,25 Yaşında,3 + 1,155 m²,25.000
11-10-2024,Daire,"Doğalgazlı-3 Oda 1 Salon ,Zübeyde Hanım Eğitim Kurumları Karşısında",İzmir / Buca / Yenigün Mah.,En Üst Kat,12 Yaşında,3 + 1,125 m²,20.000
11-10-2024,Daire,Buca Günlük Haftalık Lüks Daireler,İzmir / Buca / Yaylacık Mah.,3. Kat,2 Yaşında,2 + 1,60 m²,200
11-10-2024,Daire,For Sale & For Rentten 3+1 İnkilapta 150m2 Şirinyer Metro Yakını Son Kat Daire,İzmir / Buca / İnkılap Mah.,En Üst Kat,25 Yaşında,3 + 1,160 m²,21.000
11-10-2024,Daire,Şirinyer İzbana Yakın 1+1,İzmir / Buca / Laleli Mah.,En Üst Kat,5 Yaşında,1 + 1,49 m²,15.000
11-10-2024,Daire,Buca Şirinyer Hürriyet Mah 3+1 110 M2 D.Gaz Asansör Otpark Eşyal,İzmir / Buca / Hürriyet Mah.,2. Kat,3 Yaşında,3 + 1,115 m²,30.000
11-10-2024,Daire,Buca Adatepe Işılay Saygın Yakını 2+1 100 M2 Kapalı Mutfak Kiralık Daire,İzmir / Buca / Adatepe Mah.,2. Kat,4 Yaşında,2 + 1,100 m²,20.000
11-10-2024,Daire,Buca Belediyesinin Yakıninda 3+1 Kiralık Daire,İzmir / Buca / Vali Rahmi Bey Mah.,3. Kat,25 Yaşında,3 + 1,140 m²,25.000
11-10-2024,Daire,Şirinyer Laleli’De 2+1,İzmir / Buca / Laleli Mah.,Ara Kat,6 Yaşında,2 + 1,85 m²,19.000
11-10-2024,Daire,Akıncılar Mah 3+1 100 M2 Arkat Doğalgazlı Daire,İzmir / Buca / Akıncılar Mah.,3. Kat,25 Yaşında,3 + 1,100 m²,16.500
11-10-2024,Daire,Buca'Da Üniversite'Ye Yakın Bekar Ve Öğrenciye Uygun Ulaşımı Kolay 1+1 Arakat Kiralık Daire,İzmir / Buca / Atatürk Mah.,Ara Kat,Sıfır Bina,1 + 1,45 m²,12.500
11-10-2024,Daire,Şirinyer İzban'A Yürüme Mesafesinde Doğalgazlı 2+1 Yeni Daire !!,İzmir / Buca / İnkılap Mah.,Yüksek Giriş,5 Yaşında,2 + 1,85 m²,17.000
11-10-2024,Daire,Buca Şirinyer Hürriyet Mah 1+1 60 M2 D.Gaz Asansör Otopark,İzmir / Buca / Hürriyet Mah.,3. Kat,Sıfır Bina,1 + 1,60 m²,17.000
11-10-2024,Daire,Bucaparisa'Dan Kozağaç Meydan Yakını D.Gazlı Kiralık 3+1,İzmir / Buca / Kozağaç Mah.,1. Kat,11 Yaşında,3 + 1,120 m²,21.000
09-10-2024,Daire,Saygın Gayrimenkul Den Üçkuyular Meydanında Balkonlu Klimalı 2+1 Eşyalı Kiralık Daire,İzmir / Buca / Atatürk Mah.,En Üst Kat,25 Yaşında,2 + 1,95 m²,20.000
10-10-2024,Müstakil Ev,Buca Murathan Mh Evka-1 Ve Yedi Göller Yakını Müstakil Dublex 4+1 150m2 Doğalgazlı Kiralık Ev,İzmir / Buca / Murathan Mah.,,25 Yaşında,4 + 1,150 m²,30.000
10-10-2024,Daire,Arga'Dan Buca Çevik Bir'De 3+1 Arakat Kiralık Daire,İzmir / Buca / Kozağaç Mah.,3. Kat,30 Yaşında,3 + 1,130 m²,20.000
07-10-2024,Daire,Şirinyer İzban Yakını Emek Sitasinde 3+1 Kiralık Daire,İzmir / Buca / Hürriyet Mah.,1. Kat,25 Yaşında,3 + 1,145 m²,25.000
11-10-2024,Daire,3+1 Buca Belediye Yakını 130m2 Arakat Köşe Kiralık Daire,İzmir / Buca / Menderes Mah.,Ara Kat,25 Yaşında,3 + 1,130 m²,20.000
09-10-2024,Daire,Volkan Emlaktan Buca Park Orman Evleri (Toki 1.Etap Evleri) 3+1,İzmir / Buca / Aydoğdu Mah.,Yüksek Giriş,15 Yaşında,3 + 1,120 m²,23.000
10-10-2024,Daire,Deniz Emlak Dan Buca'Da Yenigün Mahallesinde Kiralık Daire,İzmir / Buca / Kozağaç Mah.,4. Kat,16 Yaşında,3 + 1,130 m²,15.000
10-10-2024,Daire,"Bucada Kiralık Daire Üniversite, Kyk Yurt Ve Kampüs 5 Dk D.Gaz Full Yeni Eşyalı Öğrenci Memura",İzmir / Buca / Kuruçeşme Mah.,Ara Kat,7 Yaşında,1 + 1,55 m²,16.000
11-10-2024,Daire,Ufuk Mah.3 Oda 1 Salon Klasik Daire,İzmir / Buca / Ufuk Mah.,Ara Kat,35 Yaşında,3 + 1,130 m²,10.500
10-10-2024,Daire,Kiralık Buca Da Yiğitler Mah.3+1 110 M2 Doğalgazlı Açık Otoparkı Olan Merkez De Bir Daire,İzmir / Buca / Yiğitler Mah.,Yarı Bodrum,7 Yaşında,3 + 1,110 m²,20.000
09-10-2024,Daire,Buca Yeşilbağlar Mahallesi'Nde 3+1 Arakat Kiralık Daire,İzmir / Buca / Yeşilbağlar Mah.,Ara Kat,19 Yaşında,3 + 1,120 m²,15.000
11-10-2024,Daire,Goldia Yapı'Dan Kampüs Yakını Kiralık Eşyalı 1+1,İzmir / Buca / Adatepe Mah.,Ara Kat,4 Yaşında,1 + 1,55 m²,16.000
09-10-2024,Daire,Buca Üçkuyular Meydan 3dk.Arakat Doğalgazlı Ankastreli Asansörlü 1+1 Kiralık Daire Esnafoğlu'Ndan,İzmir / Buca / Kozağaç Mah.,Yüksek Giriş,4 Yaşında,1 + 1,60 m²,15.000
10-10-2024,Daire,Buca Kuruçeşmede 2+1 Yüksek Zemim Full Eşyalı Kiralık Daire,İzmir / Buca / Kuruçeşme Mah.,Yüksek Giriş,10 Yaşında,2 + 1,70 m²,21.500
07-10-2024,Daire,İzmir Buca Hürriyet Mah//Şirinyer Menderes Caddesinde//Izbana 8-10dk Mes.//2.Kat Memura Daire,İzmir / Buca / Hürriyet Mah.,2. Kat,25 Yaşında,2 + 0,100 m²,20.000
07-10-2024,Daire,Şirinyer Adnan Kahveci Cd Üzeri 2+1 Ful Lüx Eşyalı Kiralık Daire,İzmir / Buca / Yiğitler Mah.,Ara Kat,14 Yaşında,2 + 1,115 m²,28.000
09-10-2024,Daire,Ata Emlktan Yaylacık Mah. Dmo Lisesi Yk. Bakımlı Geniş 2+1,İzmir / Buca / Yaylacık Mah.,10. Kat,22 Yaşında,2 + 1,120 m²,20.500
10-10-2024,Daire,Boranem--Uçan Yol Mevkisinde Lüx 3+1 Geniş Daire,İzmir / Buca / Çamlık Mah.,Ara Kat,11 Yaşında,3 + 1,145 m²,26.000
10-10-2024,Daire,Buca Fırat Mah. 3+1 125 M2 Açık Mutfak Doğalgazlı Kiralık Daire,İzmir / Buca / Fırat Mah.,Ara Kat,15 Yaşında,3 + 1,130 m²,19.000
05-10-2024,Daire,Hasanağa Meydan Civarı 2+1 Kapalı Mutfaklı Asansörlü Doğalgazlı Kendine Ait Bahçeli Lüks Kiralık,İzmir / Buca / Kozağaç Mah.,Yüksek Giriş,3 Yaşında,2 + 1,100 m²,18.000
10-10-2024,Daire,Buca Otoban Batı Çıkışı Arakat Kiralık 1+1 Daire,İzmir / Buca / Buca Koop. Mah.,3. Kat,5 Yaşında,1 + 1,55 m²,16.000
08-10-2024,Daire,Aktifler'Den Buca Adatepe'De 1+1 Eşyalı Kiralık Yeni Daire,İzmir / Buca / Adatepe Mah.,2. Kat,6 Yaşında,1 + 1,55 m²,16.000
09-10-2024,Daire,Buca İnönü Mh. 2+1 100m2 Arakat D.Gazlı Klasik Daire,İzmir / Buca / Göksu Mah.,3. Kat,19 Yaşında,2 + 1,100 m²,13.000
10-10-2024,Daire,Goldıa Yapıdan Arakat Hasanağa Yakını 1+1 Kiralık Daire,İzmir / Buca / Kozağaç Mah.,3. Kat,4 Yaşında,1 + 1,55 m²,16.000
11-10-2024,Daire,Buca Yıldız Kiralık Eşyalı 1+1,İzmir / Buca / Yıldız Mah.,4. Kat,5 Yaşında,1 + 1,50 m²,14.000
11-10-2024,Daire,Era Niva'Dan Adatepe'De Kiralık 3+1 Daire,İzmir / Buca / Adatepe Mah.,Zemin,5 Yaşında,3 + 1,143 m²,20.000
10-10-2024,Daire,Myway Residance Kiralık Eşyalı Loft 1+1 Daire,İzmir / Buca / Buca Koop. Mah.,5. Kat,4 Yaşında,1 + 1,80 m²,25.000
10-10-2024,Daire,Kozağaç Merkezde 3+1 Çift Cephe 150 M2 Kiralık Daire,İzmir / Buca / Kozağaç Mah.,2. Kat,8 Yaşında,3 + 1,150 m²,25.000
05-10-2024,Daire,Çamlıpınar'Da Sahibinden Kiralık Daire (Doğal Gazlı),İzmir / Buca / Çamlıpınar Mah.,Ara Kat,29 Yaşında,3 + 1,130 m²,16.000
06-10-2024,Daire,Garanti'Den Adatepede Güzel Konumda Kiralık 1+1 Daire,İzmir / Buca / Adatepe Mah.,Kot 1,4 Yaşında,1 + 1,60 m²,12.500
07-10-2024,Daire,Marka'Dan 1+1 Eşyalı Klimalı Kiralık Daire,İzmir / Buca / Yıldız Mah.,Giriş Katı,5 Yaşında,1 + 1,55 m²,13.000
11-10-2024,Daire,Tınaztepe Ana Cadde Üstü Sıfır Eşyalı Kiralık 1+1,İzmir / Buca / Kuruçeşme Mah.,Ara Kat,7 Yaşında,1 + 1,55 m²,18.000
08-10-2024,Daire,Çamlıpınar Mahallesinde 130m² Doğalgazlı 2+1 Daire,İzmir / Buca / Çamlıpınar Mah.,1. Kat,25 Yaşında,2 + 1,140 m²,16.000
10-10-2024,Daire,Ege Emlak'Tan Buca Tınaztepe Ve İktisat Fakültesi Yakını 1+1 Kiralık Daire,İzmir / Buca / Adatepe Mah.,2. Kat,10 Yaşında,1 + 1,60 m²,12.000
08-10-2024,Daire,Güneş'Ten Şirnyer Metro 5dk 2+1 90m 3.Kat Balkon,İzmir / Buca / Hürriyet Mah.,3. Kat,40 Yaşında,2 + 1,90 m²,18.500
11-10-2024,Daire,Tuğhan Gayrimenkul’Den Yaylacık Mahallesin De Kiralık Eşyalı Daire,İzmir / Buca / Yaylacık Mah.,Ara Kat,5 Yaşında,1 + 1,65 m²,19.000
09-10-2024,Daire,Buca Da Çok Merkezi Konumda Kıralık Daìre,İzmir / Buca / Menderes Mah.,Çatı Katı,32 Yaşında,3 + 1,120 m²,19.000
05-10-2024,Daire,"Eşyalı, Doğalgazlı- Klimalı-3 Oda 1 Salon 130 M2,Lüx Daire",İzmir / Buca / Efeler Mah.,Ara Kat,23 Yaşında,3 + 1,135 m²,27.500
11-10-2024,Daire,Buca Yedigöller 2+1 85 M2 D.Gazlı Arakat Kiralık Daire,İzmir / Buca / Çağdaş Mah.,2. Kat,25 Yaşında,2 + 1,85 m²,17.000
04-10-2024,Daire,Buca Tınaztepe Kampüsü Yakını Kiralık 1+1 Eşyalı Daire,İzmir / Buca / Adatepe Mah.,2. Kat,4 Yaşında,1 + 1,42 m²,20.500
08-10-2024,Daire,Buca Efeler Mh. 2+1 80m2 K.Mutfak Sıfır Yüksek Giriş Daire,İzmir / Buca / Efeler Mah.,Yüksek Giriş,Sıfır Bina,2 + 1,80 m²,25.000
10-10-2024,Daire,Er Yapı Emlak Ofisinden Hasanağa Bahçesi Yanı İibf'Ye 5 Dakika,İzmir / Buca / Atatürk Mah.,Bahçe Katı,5 Yaşında,2 + 0,70 m²,15.000
11-10-2024,Daire,Bucaparisa'Dan Kozağaç Meydan Yakını D.Gazlı Kiralık 3+1,İzmir / Buca / Kozağaç Mah.,1. Kat,11 Yaşında,3 + 1,125 m²,23.000
07-10-2024,Daire,Arga'Dan Buca Çevik Bir'De 3+1 D.Gazlı Kiralık Daire.,İzmir / Buca / Kozağaç Mah.,4. Kat,19 Yaşında,3 + 1,110 m²,22.000
11-10-2024,Daire,Doğuş Cad. Üzerinde Kampüs Karşısı Kiralık 1+1 Eşyalı Rezidans,İzmir / Buca / Kuruçeşme Mah.,Ara Kat,4 Yaşında,1 + 1,45 m²,16.000
09-10-2024,Daire,Saygın Gayrimenkul Den Atatürk Mahallesinde Çocuk Hastanesinin Yayında Geniş 3+1 Kiralık Daire,İzmir / Buca / Atatürk Mah.,Ara Kat,15 Yaşında,3 + 1,140 m²,17.000
08-10-2024,Daire,Vali Rahmi Bey Mahallesinde Geniş 2+1 Full Eşyalı Kiralık Daire,İzmir / Buca / Efeler Mah.,2. Kat,31 Yaşında,2 + 1,120 m²,25.000
08-10-2024,Daire,Güneş'Ten Şirinyer İzban 1dk 130m 3+1 2 Balkon Kapalı Çatı Güney Cephe,İzmir / Buca / İnkılap Mah.,4. Kat,30 Yaşında,3 + 1,130 m²,21.000
11-10-2024,Daire,1+1 Eşyalı Kiralık 9 Eylül Ve Kadın Doğuma Yürüme Mesafesinde,İzmir / Buca / Atatürk Mah.,Kot 2,15 Yaşında,1 + 1,55 m²,15.500
09-10-2024,Daire,Buca Çevik-1 Pazaryeri 231 Sokak'Ta Full Eşyalı Çift Cepheli Geniş 2+1(Ilanda Video Var)Esnafoğlunda,İzmir / Buca / Kozağaç Mah.,2. Kat,20 Yaşında,2 + 1,115 m²,18.000
10-10-2024,Daire,"Eşyalı ,2 Oda 1 Salon Sıfır Lüx ,Doğalgazlı Ve Klimalı",İzmir / Buca / Yaylacık Mah.,Ara Kat,Sıfır Bina,2 + 1,75 m²,24.000
11-10-2024,Daire,Buca Hasanağa Bahçesi Dibi Uçkuyular Meydan'Da 3+1 120m2 D.Gazlı Masrafsız Daire,İzmir / Buca / Atatürk Mah.,3. Kat,10 Yaşında,3 + 1,130 m²,19.000
09-10-2024,Daire,Doğalgazlı Kombili Klimali Eşyalı 1+1,İzmir / Buca / Atatürk Mah.,2. Kat,5 Yaşında,1 + 1,58 m²,16.500
07-10-2024,Daire,Ava Emlak'Tan Şirinyer'De 3+1 145 M2 Asansörlü Geniş Daire,İzmir / Buca / Yiğitler Mah.,3. Kat,5 Yaşında,3 + 1,145 m²,29.000
11-10-2024,Daire,İnkılap Mah. Şirinyer İzban Yakını 2+1 Kiralık Daire,İzmir / Buca / İnkılap Mah.,1. Kat,6 Yaşında,2 + 1,95 m²,17.500
04-10-2024,Daire,İzmir Bucada Kiralık 2+1( Eşyalı İstenirse Öğrenciye Kiralanır),İzmir / Buca / Yıldız Mah.,3. Kat,23 Yaşında,2 + 1,100 m²,20.000
11-10-2024,Daire,Bucaparisa'Dan Tınaztepe Hastanesi Yanı D.Gaz. 2+1 Kiralık Daire,İzmir / Buca / Kuruçeşme Mah.,2. Kat,4 Yaşında,2 + 1,70 m²,15.000
10-10-2024,Daire,Arga' Dan Buca Yeşilbağlarda 2+1 D.Gazlı Kiralık Daire.,İzmir / Buca / Yeşilbağlar Mah.,3. Kat,25 Yaşında,2 + 1,100 m²,15.000
11-10-2024,Daire,İ.B.F Yürüme Mesafesi 2+1 Sıfır Eşyalı 80m² Kiralık Daire,İzmir / Buca / Yaylacık Mah.,Bahçe Katı,10 Yaşında,2 + 1,85 m²,22.000
11-10-2024,Daire,Ünüvar Emlak'Tan Buca'Da 2+1 Doğalgazlı Kiralık Daire...,İzmir / Buca / Akıncılar Mah.,3. Kat,7 Yaşında,2 + 1,85 m²,22.000
11-10-2024,Daire,Nurfen'Den Üniversite Yanı Eşyalı 1+1 Önü Açık Kiralık Daire,İzmir / Buca / Adatepe Mah.,2. Kat,11 Yaşında,1 + 1,45 m²,15.000
11-10-2024,Daire,İzmir Buca Mustafa Kemal Mahallesin' De Kiralık 3+1 Daire,İzmir / Buca / Mustafa Kemal Mah.,2. Kat,8 Yaşında,3 + 1,128 m²,22.000
11-10-2024,Daire,Doğalgazlı 3+1kiralık Daire,İzmir / Buca / Menderes Mah.,4. Kat,25 Yaşında,3 + 1,140 m²,20.000
11-10-2024,Daire,Buca-M.Kemal Mh.De Kiralık Daire,İzmir / Buca / Mustafa Kemal Mah.,2. Kat,25 Yaşında,2 + 1,100 m²,14.000
09-10-2024,Daire,Eşyalı-Buca Hasanağa -1 Oda 1 Salon Açık Mutfaklı,İzmir / Buca / Dumlupınar Mah.,2. Kat,11 Yaşında,1 + 1,60 m²,19.500
11-10-2024,Daire,Akıncılar Seyhan Mahallesinde 2+1 Bakımlı Doğalgazlı Daire,İzmir / Buca / Seyhan Mah.,Ara Kat,34 Yaşında,2 + 0,100 m²,16.000
07-10-2024,Daire,Şirinyer İzbana Yakın 1+1,İzmir / Buca / Laleli Mah.,En Üst Kat,5 Yaşında,2 + 1,42 m²,12.000
09-10-2024,Daire,Buca Üçkuyular'Da 3+1 İçi Full Yapılı Kimalı D.Gazlı Geniş Lüks Daire,İzmir / Buca / Atatürk Mah.,4. Kat,12 Yaşında,3 + 1,150 m²,27.000
05-10-2024,Daire,Buca Yiğitlerde Bakımlı . Ferah 2+ 1 Kiralık Daire,İzmir / Buca / Yiğitler Mah.,3. Kat,19 Yaşında,2 + 1,90 m²,20.000
10-10-2024,Daire,Parisadan Eşyalı Tınaztepe Kampüse Yakın Kiralık 1+1,İzmir / Buca / Atatürk Mah.,2. Kat,5 Yaşında,1 + 1,55 m²,14.500
11-10-2024,Daire,İzmir Buca Laleli Mah.//Uçanyolyakını//Şok Mar.Sokağı/5yıl.3+1/Daire,İzmir / Buca / Laleli Mah.,Çatı Katı,5 Yaşında,3 + 1,120 m²,25.000
04-10-2024,Daire,"Buca’Da Sıfır, 1+1 Kiralık Daire – Merkezi Konumda, Park Manzaralı",İzmir / Buca / Menderes Mah.,1. Kat,Sıfır Bina,1 + 1,34 m²,13.000
10-10-2024,Daire,Doğalgazlı-Hasanali Yücel İlköğretim Okulu Yakını-Arakat 140 M2,İzmir / Buca / Efeler Mah.,Ara Kat,25 Yaşında,3 + 1,145 m²,25.000
09-10-2024,Daire,Adatepe Mh. Fakülte Yakını ''1+1' Full İkea Eşyalı Kiralık Daire,İzmir / Buca / Adatepe Mah.,Yüksek Giriş,4 Yaşında,1 + 1,65 m²,14.200
04-10-2024,Daire,Buca Kozağaç Mah Çevikbir Meydanı Seyfi Demirsoy Hast Yakın Tadilatlı 3+1 Dublex Geniş Kiralık Daire,İzmir / Buca / Kozağaç Mah.,Giriş Katı,20 Yaşında,3 + 1,160 m²,25.000
11-10-2024,Daire,Kiralık Site İçinde Büyük Arakat Daire,İzmir / Buca / Buca Koop. Mah.,6. Kat,18 Yaşında,3 + 1,150 m²,28.000
27-09-2024,Daire,-Ay Gayrimenkul'Den- Yaylacık Mh. Full Eşyalı 3+1 Kiralık Daire!,İzmir / Buca / Yaylacık Mah.,4. Kat,5 Yaşında,3 + 1,160 m²,35.000
27-09-2024,Daire,Bucanın Merkezi Üçkuyularda Yenilenmiş Binadaki Mükemmel Daire,İzmir / Buca / Kozağaç Mah.,4. Kat,25 Yaşında,3 + 1,141 m²,27.000
05-10-2024,Daire,Bucanın En Gözde Konumunda Site İçi Panaromik Doğa Manzaralı 3+1,İzmir / Buca / Buca Koop. Mah.,7. Kat,16 Yaşında,3 + 1,145 m²,27.000
15-09-2024,Daire,Fırsat Bucada Şirinyer Lisesi Yakını Bakımlı 3+1 Harika Daire,İzmir / Buca / Akıncılar Mah.,4. Kat,15 Yaşında,3 + 1,140 m²,25.000
01-10-2024,Daire,Buca Tınaztepe Yakını Kısmi Eşyalı 3+1 Kiralık Daire,İzmir / Buca / Atatürk Mah.,8. Kat,16 Yaşında,3 + 1,130 m²,38.000
08-10-2024,Daire,Safir'Den Kuruçeşme Mahallesinde Eşyalı Kiralık 1+1 Daire,İzmir / Buca / Kuruçeşme Mah.,Bahçe Katı,4 Yaşında,1 + 1,55 m²,15.000
10-10-2024,Daire,Belediye Yakını İki Kişinin Rahatlıkla Yaşayabileceği Büyük(1+1),İzmir / Buca / Menderes Mah.,3. Kat,3 Yaşında,1 + 1,70 m²,22.500
07-10-2024,Daire,Bozbey Emlak'Tan Buca Fırat Mah. 3+1 130 M2 Kiralık Daire,İzmir / Buca / Fırat Mah.,Ara Kat,20 Yaşında,3 + 1,135 m²,15.000
11-10-2024,Daire,İzmir Buca Gaziemir Sınırın' Da 3+1 120m2 Kiralık Daire,İzmir / Buca / Mustafa Kemal Mah.,1. Kat,9 Yaşında,3 + 1,130 m²,20.000
03-10-2024,Daire,Atatürk Mahallesi 2+1 Kapali Mutfak,İzmir / Buca / Atatürk Mah.,Ara Kat,15 Yaşında,2 + 1,110 m²,15.000
05-10-2024,Daire,Buca Göksu Mah İnkılap İzban Dibi 3+1 120 M2 D.Gazlı,İzmir / Buca / Göksu Mah.,Giriş Katı,21 Yaşında,3 + 1,120 m²,14.000
05-10-2024,Daire,Menderes Mah. 3+1 120 M2 Doğalgazlı Lüks Eşyalı Kiralık Daire,İzmir / Buca / Menderes Mah.,3. Kat,25 Yaşında,3 + 1,110 m²,25.000
09-10-2024,Daire,Marka'Dan D.Gazlı Eşyasız Kiralık Daire,İzmir / Buca / Atatürk Mah.,Giriş Katı,4 Yaşında,1 + 1,55 m²,13.000
26-09-2024,Daire,Buca Kuruçeşme Mah Üniversite Yakını Doğalgazlı 2+1 Kiralık Daire,İzmir / Buca / Kuruçeşme Mah.,1. Kat,15 Yaşında,2 + 1,90 m²,15.000
08-10-2024,Daire,Bucada Kiralık Daire Eşyalı Eşyasız Verilir 135m² D.Gazlı Çift Asansörlü Harika Lokasyon Manzara,İzmir / Buca / Mustafa Kemal Mah.,3. Kat,19 Yaşında,3 + 1,155 m²,20.000
20-09-2024,Daire,Nezih Site İçi ''3+1'' Otoparklı - Çocuk Parklı Kiralık Daire,İzmir / Buca / Atatürk Mah.,8. Kat,11 Yaşında,3 + 1,120 m²,23.000
09-10-2024,Daire,İzmir Buca Günlük Kiralık 1+1 2+1 Daireler,İzmir / Buca / Adatepe Mah.,En Üst Kat,4 Yaşında,3 + 1,80 m²,400
28-09-2024,Daire,Oyak Buca Konutlarında Kiralık 3+1 Daire,İzmir / Buca / Aydoğdu Mah.,8. Kat,6 Yaşında,3 + 1,147 m²,45.000
01-10-2024,Daire,Buca Çamlıkule Mah. Site İçerisinde 3+1 Kiralık Daire,İzmir / Buca / Çamlıkule Mah.,5. Kat,6 Yaşında,3 + 1,140 m²,26.500
06-10-2024,Daire,"3 Oda 1salon-Doğalgazlı,Arakat 125 M2 Bakımlı Daire",İzmir / Buca / Efeler Mah.,Ara Kat,10 Yaşında,3 + 1,125 m²,24.000
30-09-2024,Daire,Buca Kadın Doğum Hastanesi Yanı Kiralık 2+1 Boş Daire,İzmir / Buca / Atatürk Mah.,2. Kat,13 Yaşında,2 + 1,85 m²,22.000
11-10-2024,Daire,"Parisa""Dan Yıldız Mah. Geniş Ferah Klimalı 1+1 Kiralık Daire",İzmir / Buca / Yıldız Mah.,3. Kat,16 Yaşında,1 + 1,65 m²,11.000
11-10-2024,Daire,Buca Kuruçeşmede 1+1 Kiralık Daire,İzmir / Buca / Kuruçeşme Mah.,Kot 2,6 Yaşında,1 + 1,65 m²,15.000
09-10-2024,Daire,Güneş'Ten Şirinyer İzban 5dk M 2+1 85m Balkon K.Mutfak A.Kat,İzmir / Buca / İnkılap Mah.,2. Kat,35 Yaşında,2 + 1,85 m²,12.500
10-10-2024,Daire,Atatürk Mh. K.Doğum Yakını '3+1' Full Eşya-Dgazlı Kiralık Daire,İzmir / Buca / Atatürk Mah.,En Üst Kat,16 Yaşında,3 + 1,140 m²,22.500
18-09-2024,Daire,Saygın Gayrimenkul'Den Buca Kozağaçta 1+1 Eşyalı Kiralık Daire,İzmir / Buca / Kozağaç Mah.,Yüksek Giriş,2 Yaşında,1 + 1,60 m²,15.500
04-10-2024,Daire,Kampüs Karşısı// Full Eşyalı Kiralık 1+1 55m2 Arakat Daireler,İzmir / Buca / Kuruçeşme Mah.,3. Kat,3 Yaşında,1 + 1,55 m²,21.000
27-09-2024,Daire,Buca İzban Yakını 2+1 Bahçeli Yüksek Giriş Kiralık Daire,İzmir / Buca / İnkılap Mah.,Yüksek Giriş,3 Yaşında,2 + 1,75 m²,20.000
17-09-2024,Daire,Buca Çevik 1'De Eşyalı 1+0 Kiralık Daire,İzmir / Buca / Kozağaç Mah.,Yüksek Giriş,10 Yaşında,1 + 1,40 m²,15.000
08-10-2024,Daire,Eşyalı-Doğalgazlı 2 Oda 1 Salon-Arakat Daire,İzmir / Buca / Kozağaç Mah.,Ara Kat,5 Yaşında,2 + 1,80 m²,18.000
05-10-2024,Daire,Buca Kozağaç Ta 2+1 Kiralık Daire,İzmir / Buca / Kozağaç Mah.,1. Kat,11 Yaşında,2 + 1,97 m²,20.000
26-09-2024,Daire,Buca'Nın Merkezinde Eşyalı 2+1 Doğalgazlı Kiralık Daire,İzmir / Buca / Yaylacık Mah.,Giriş Katı,8 Yaşında,2 + 1,70 m²,18.000
26-09-2024,Daire,Ref'Den İbf Yanı Doğalgazlı Teraslı Dubleks 2+1 Kiralık Daire,İzmir / Buca / Adatepe Mah.,3. Kat,Sıfır Bina,2 + 1,95 m²,22.000
25-09-2024,Daire,Nezih Site İçi ''2+1'' Full Eşyalı - Otoparklı Kiralık Daire,İzmir / Buca / Atatürk Mah.,3. Kat,11 Yaşında,2 + 1,110 m²,26.000
04-10-2024,Daire,"Buca Hürriyet Mah./Tünel Çıkışı,Uçanyolda//Site İçi//2.Kat 3+1 D",İzmir / Buca / Hürriyet Mah.,2. Kat,15 Yaşında,3 + 1,130 m²,30.000
20-09-2024,Daire,9 Eylül Kampüs Yakını Kiralık 1+0 Daire 11.000tl,İzmir / Buca / Atatürk Mah.,3. Kat,5 Yaşında,Stüdyo,45 m²,13.500
08-10-2024,Daire,Safir'Den Kampüs Karşısı Eşyalı Kapalı Mutfak 1+1 Kiralık Daire,İzmir / Buca / Kuruçeşme Mah.,1. Kat,4 Yaşında,1 + 1,55 m²,15.000
11-10-2024,Daire,İzmir Buca Fırat Mahallesin' De 2+1 Kiralık Daire,İzmir / Buca / Fırat Mah.,En Üst Kat,15 Yaşında,2 + 1,125 m²,20.000
01-10-2024,Daire,Güneş Emlak'Tan İzban Dibi 2+1 100 M2 Açık Mutfak Yüksek Giriş Kiralık Daire,İzmir / Buca / İnkılap Mah.,Yüksek Giriş,22 Yaşında,2 + 1,100 m²,17.000
03-10-2024,Daire,Arga'Dan Buca Çevik 1 Meydan Yakını Eşyalı D.Gazlı 1+1 Kiralık Daire.,İzmir / Buca / Kozağaç Mah.,Bahçe Katı,Sıfır Bina,1 + 1,70 m²,18.000
10-10-2024,Daire,Buca Da Çaldıran Mahalesinde Kiralık Geniş 1+1 Daire,İzmir / Buca / Çaldıran Mah.,Yüksek Giriş,30 Yaşında,1 + 1,108 m²,11.500
17-09-2024,Daire,Nezih Site İçi ''2+1'' Full Eşyalı - Otoparklı Kiralık Daire,İzmir / Buca / Atatürk Mah.,3. Kat,15 Yaşında,3 + 1,110 m²,26.000
10-10-2024,Daire,Buca İnönü Mah. Kiralık 2+1 Daire,İzmir / Buca / İnönü Mah.,Bahçe Katı,6 Yaşında,2 + 1,150 m²,25.000
10-10-2024,Daire,Merkezi Konumda Önü Açık Manzaralı Doğalgazlı Daire,İzmir / Buca / Menderes Mah.,4. Kat,25 Yaşında,3 + 1,140 m²,23.000
11-10-2024,Daire,Atölye'Den Hasanağa Bahçesine 3 Dakika Mesafe Kiralık 2+1 Daire,İzmir / Buca / Adatepe Mah.,4. Kat,8 Yaşında,2 + 1,85 m²,20.000
09-10-2024,Daire,Buca Adatepe Mah. Tınaztepe Kampüs Civarı 2+1 D.Gazlı Daire,İzmir / Buca / Adatepe Mah.,3. Kat,Sıfır Bina,2 + 1,100 m²,20.000
09-10-2024,Daire,Eşyalı Kiralık Doğalgazlı 2+1 Daire,İzmir / Buca / Gaziler Mah.,4. Kat,31 Yaşında,2 + 1,85 m²,20.000
27-09-2024,Daire,Buca Çevik 1 Meydanı Yanı Cadde Üzeri 3+1 Önü Açık Kiralık Funda,İzmir / Buca / Dumlupınar Mah.,4. Kat,16 Yaşında,3 + 1,140 m²,35.000
18-09-2024,Daire,Smyrna Team Kw’ Den Buca Kuruçeşme’De Kiralık 3+1 Arakat Daire,İzmir / Buca / Kuruçeşme Mah.,4. Kat,27 Yaşında,3 + 1,120 m²,28.000
30-09-2024,Daire,Buca Yaylacık Mahallesi Kiralık Daire,İzmir / Buca / Yaylacık Mah.,Giriş Katı,Sıfır Bina,1 + 1,50 m²,13.000
04-10-2024,Daire,Buca Menderes Caddesi Üzerinde Ögrenciye İşyerine Uygun Kiralık 2+1 Kefilli Verilecektir,İzmir / Buca / Vali Rahmi Bey Mah.,En Üst Kat,45 Yaşında,2 + 1,85 m²,13.000
06-10-2024,Daire,Buca Yıldız Mahallesinde 2+1 Kiralık Daire,İzmir / Buca / Yıldız Mah.,2. Kat,5 Yaşında,2 + 1,70 m²,17.000
10-10-2024,Daire,Buca Batı Çıkışı Doğalgazlı Full Eşyalı Lüx 3+1,İzmir / Buca / Buca Koop. Mah.,Yüksek Giriş,12 Yaşında,3 + 1,130 m²,25.500
10-10-2024,Daire,"9 Eylül Üniversitesine 5 Dakika,Kalabalık Aileler İçin Geniş, Full Eşyalı Doğalgazlı Satılık",İzmir / Buca / Kozağaç Mah.,Giriş Katı,20 Yaşında,3 + 1,160 m²,2.750.000
11-10-2024,Daire,İzmir Buca Kozağaç Meydanda//Cade Üzeri 1.Kat Ve Bahçekatı.2+1kiralık Daireler,İzmir / Buca / Kozağaç Mah.,Yüksek Giriş,21 Yaşında,2 + 1,75 m²,13.000
03-10-2024,Daire,* Buca Akıncılar Nato Lokasyonunda Kiralık 3+1 Geniş Daire.!,İzmir / Buca / Akıncılar Mah.,3. Kat,23 Yaşında,3 + 1,145 m²,25.000
11-10-2024,Daire,Buca Çamlıpınar'Da 2+1 Kiralık Daire,İzmir / Buca / Çamlıpınar Mah.,En Üst Kat,20 Yaşında,2 + 1,105 m²,11.000
09-10-2024,Daire,Kiralık Eşyalı Şirinyer Vergi Dairesi Ecevit Parkı Bitişiği 880/4 Sok No 6 Daire 5,İzmir / Buca / Dicle Mah.,4. Kat,5 Yaşında,1 + 1,110 m²,18.000
07-10-2024,Daire,Buca Yıldız'Da Site İçi 3+1 Asansörlü Full Yapılı Kiralık Daire,İzmir / Buca / Yıldız Mah.,8. Kat,13 Yaşında,3 + 1,130 m²,19.000
10-10-2024,Daire,Turyap Buca'Dan Çamlıkule'De 2+1 D. Gazlı Geniş Daire,İzmir / Buca / Çamlıkule Mah.,Zemin,16 Yaşında,2 + 1,100 m²,15.500
04-10-2024,Daire,Tınaztepede Eşyalı Kiralık 1+1,İzmir / Buca / Kuruçeşme Mah.,Bahçe Katı,10 Yaşında,1 + 1,50 m²,16.000
03-10-2024,Daire,Buca Hat Boyunda Koşu İzban Durağına Yakın 2+1 85 M2 Ankastre Mutfak Hilton Banyo Çift Cephe Daire,İzmir / Buca / Akıncılar Mah.,1. Kat,9 Yaşında,2 + 1,85 m²,20.000
05-10-2024,Daire,Çamlıkule Mh. Merkezi Konumda // 2+1 // D.Gazlı- Kapalı Mutfak - 2 Balkon - Arakat Kiralık Daire,İzmir / Buca / Çamlıkule Mah.,2. Kat,20 Yaşında,2 + 1,130 m²,16.500
10-10-2024,Daire,Buca Konforun Adresi,İzmir / Buca / Adatepe Mah.,Ara Kat,2 Yaşında,2 + 1,55 m²,200
10-10-2024,Daire,Er Yapı Emlak'Tan Şirinyer Forbes Yanı 3+1 Balkonlu D.Gazlı,İzmir / Buca / Efeler Mah.,3. Kat,31 Yaşında,3 + 1,155 m²,25.000
10-10-2024,Daire,Buca Koop'Da 3+1 Arakat 3 Balkonlu Asansörlü Kiralık Daire,İzmir / Buca / Buca Koop. Mah.,2. Kat,20 Yaşında,3 + 1,139 m²,18.000
10-10-2024,Daire,Buca Akıncılar Metro Cıkışı,İzmir / Buca / Akıncılar Mah.,3. Kat,18 Yaşında,3 + 1,140 m²,20.000
28-09-2024,Daire,2+1 Full Eşyalı Ara Kat Doğalgazlı Klimalı Kiralık Daire,İzmir / Buca / Yiğitler Mah.,Ara Kat,22 Yaşında,2 + 1,90 m²,20.000
28-09-2024,Daire,Ay Gayrimenkulden Şirinyer Merkezde Kiralık Daire !!!,İzmir / Buca / Hürriyet Mah.,3. Kat,Sıfır Bina,2 + 1,80 m²,17.500
06-10-2024,Daire,Buca Yıldız Mahallesinde 2+1 Kiralik Daire,İzmir / Buca / Yıldız Mah.,2. Kat,6 Yaşında,2 + 1,70 m²,17.000
06-10-2024,Daire,Buca Adatepe Mah. Dokuzçeşmeler Kampüs Yakını Manzaralı Full Eşyalı 1+1 Kiralık Daire,İzmir / Buca / Adatepe Mah.,4. Kat,3 Yaşında,1 + 1,45 m²,18.000
08-10-2024,Daire,Doğalgazlı-3 Oda 1 Salon-Sonkat 135 M2,İzmir / Buca / İnkılap Mah.,4. Kat,28 Yaşında,3 + 1,135 m²,21.000
23-09-2024,Daire,Şirinyer Efeler Mh Site İçerisi 3+1 Ful Eşyalı Manzaralı Daire,İzmir / Buca / Efeler Mah.,4. Kat,25 Yaşında,3 + 1,140 m²,32.000
09-10-2024,Daire,Adatepede Üniversiteye Yakın .Eşyalı Kiralık Daire,İzmir / Buca / Adatepe Mah.,En Üst Kat,25 Yaşında,2 + 1,85 m²,19.000
07-10-2024,Daire,Buca Şirinyer Hürriyet Mahallesi//Nato Karşısı //Dominoz Pizza Caivarı//Izbana 8-10dk//Dublex 3+1/Da,İzmir / Buca / Hürriyet Mah.,4. Kat,25 Yaşında,3 + 1,150 m²,25.000
10-10-2024,Daire,Buca Camlıkulede 1+1 Full Eşyalı,İzmir / Buca / Çamlıkule Mah.,3. Kat,10 Yaşında,1 + 1,55 m²,18.000
17-09-2024,Daire,Sahibinden Ara Kat Eşyalı Doğalgazlı Daire,İzmir / Buca / Adatepe Mah.,Ara Kat,10 Yaşında,2 + 1,65 m²,20.000
30-09-2024,Daire,Buca Yaylacık Mahallesi 1+1 Daire,İzmir / Buca / Yaylacık Mah.,1. Kat,Sıfır Bina,1 + 1,50 m²,15.000
08-10-2024,Daire,Buca Cezaevi Karşısı Cadde Üstü Geniş Metrajlı Ara Kat 3+1,İzmir / Buca / Vali Rahmi Bey Mah.,1. Kat,30 Yaşında,3 + 1,145 m²,25.000
02-10-2024,Daire,Markadan 1+0 Eşyalı Doğalgazlı Ve Klimalı Kiralık Daire,İzmir / Buca / Atatürk Mah.,2. Kat,4 Yaşında,Stüdyo,50 m²,12.500
28-09-2024,Daire,Ay Gayrimenkul'Den Yaylacık Mh. 3+1 Ferah Kiralık Daire!!,İzmir / Buca / Yaylacık Mah.,4. Kat,5 Yaşında,3 + 1,130 m²,19.000
26-09-2024,Daire,Adatepe Pazar Yeri Karşısı 2+1 Full Eşyalı Kiralık Daire,İzmir / Buca / Adatepe Mah.,1. Kat,8 Yaşında,2 + 1,100 m²,20.000
12-09-2024,Daire,Safir'Den Eşyalı 1+1 Doğalgazlı Daire,İzmir / Buca / Atatürk Mah.,3. Kat,4 Yaşında,1 + 1,55 m²,17.000
10-10-2024,Müstakil Ev,Viaj Emlak Kiralık 2+1 Eşyalı Müstakil Bahçeli Ev Belenbaşı Buca,İzmir / Buca / Belenbaşı Mah.,,3 Yaşında,2 + 1,100 m²,10.000
10-10-2024,Daire,İzmir Buca Buca Koop Mahallesi Batı Çıkışı Üzerinde Doğalgazlı 3+1 Tadilatlı Kiralık Daire,İzmir / Buca / Buca Koop. Mah.,5. Kat,15 Yaşında,3 + 1,120 m²,25.500
09-10-2024,Daire,İzmir Buca Sirinkapi 2+1 Mustaki1038 Sok No 20,İzmir / Buca / Şirinkapı Mah.,Bahçe Katı,15 Yaşında,2 + 1,110 m²,14.500
10-10-2024,Daire,Kadın Doğum Hastanesine Yakın Eşyalı Klimalı 1+0 Kiralık Daire,İzmir / Buca / Atatürk Mah.,Zemin,6 Yaşında,1 + 2,35 m²,10.000
10-10-2024,Daire,Er Yapı Emlak Ofisinden Buca Belediye Civarı Merkezi Konum 3+1,İzmir / Buca / Barış Mah.,4. Kat,31 Yaşında,3 + 1,125 m²,18.000
07-10-2024,Daire,Buca Barış Mah./Kızkulesi Yakını//130m2 3+1//Arakat/Memura Daire,İzmir / Buca / Barış Mah.,6. Kat,25 Yaşında,3 + 1,135 m²,20.000
10-10-2024,Daire,Göksu Mah Ara Kat Daire Kiralık,İzmir / Buca / Göksu Mah.,Ara Kat,30 Yaşında,2 + 1,125 m²,12.500
28-09-2024,Daire,Buca Tınaztepe Kampüs Karşısında Sıfır Eşya Lüx Daire,İzmir / Buca / Kuruçeşme Mah.,En Üst Kat,1 Yaşında,1 + 1,40 m²,18.000
07-10-2024,Daire,Buca Otokent Karşısı 3+1 Kiralık Daire,İzmir / Buca / İnönü Mah.,En Üst Kat,22 Yaşında,3 + 1,140 m²,18.000
27-09-2024,Daire,Şirinyer Laleli Mh. 3+1 150m2 Ebeveyn Banyolu D.Gazlı Daire,İzmir / Buca / Laleli Mah.,3. Kat,12 Yaşında,3 + 1,150 m²,25.000
04-10-2024,Müstakil Ev,Buca Dokuzçeşmeler Kampüsü Bitişiğinde 2+1 Geniş Bahçeli Mustakil Ev,İzmir / Buca / Dumlupınar Mah.,,30 Yaşında,2 + 1,175 m²,17.000
02-10-2024,Daire,Marka'Dan Kampüs Yakını 1+1 Eşyalı&Klimalı Kiralık Daire,İzmir / Buca / Kuruçeşme Mah.,Zemin,4 Yaşında,1 + 1,55 m²,12.500
27-09-2024,Daire,Ay Gayrimenkul'Den Şirinyer İzban Dibi 3+1 Kiralık Daire!!,İzmir / Buca / Hürriyet Mah.,3. Kat,11 Yaşında,3 + 1,120 m²,21.500
12-09-2024,Daire,Safir'Den Eşyalı Balkonlu Kiralık Daire,İzmir / Buca / Kuruçeşme Mah.,2. Kat,4 Yaşında,2 + 1,60 m²,19.000
07-10-2024,Daire,Otobüs Ve Dolmuşa 1 Sokak Mesafede 2+1 Bahçeli Balkonlu Doğalgaz Kombili Bakımlı Kiralık Daire,İzmir / Buca / Fırat Mah.,Yüksek Giriş,25 Yaşında,2 + 1,90 m²,14.000
10-10-2024,Daire,Şirinyer İzban Yanı 3+1 135 M2 D.Gazlı Daire,İzmir / Buca / İnkılap Mah.,Yüksek Giriş,7 Yaşında,3 + 1,135 m²,23.000
10-10-2024,Daire,Buca İşçi Evleri Yiğitler Mah.'De 2+1 Eşyalı Kiralık Daire,İzmir / Buca / Yiğitler Mah.,4. Kat,21 Yaşında,2 + 1,85 m²,19.000
10-10-2024,Daire,Viraj Emlak Kiralık 3+1 155mt 4 Balkon 2tuvalet Yiğitler Mah Şirinyer,İzmir / Buca / Yiğitler Mah.,4. Kat,35 Yaşında,3 + 1,155 m²,15.000
11-10-2024,Daire,Buca-İnönü Mh.De Kiralık Yeni Daire,İzmir / Buca / İnönü Mah.,2. Kat,1 Yaşında,2 + 1,90 m²,20.000
07-10-2024,Daire,Kampüs Karşısı Kiralık 1+1 Eşyalı,İzmir / Buca / Kuruçeşme Mah.,2. Kat,5 Yaşında,1 + 1,65 m²,15.500
02-10-2024,Daire,Marka'Dan Eşyalı Klimalı Kiralık Daire,İzmir / Buca / Atatürk Mah.,2. Kat,5 Yaşında,1 + 1,50 m²,13.000
29-09-2024,Daire,Ref'Den İbf Yanı Doğalgazlı Teraslı Dubleks 2+1 Kiralık Daire,İzmir / Buca / Adatepe Mah.,4. Kat,Sıfır Bina,2 + 1,95 m²,20.000
27-09-2024,Daire,Ay Gayrimenkul'Den Göksu'Da 2+1 Eşyalı Doğalgazlı Kiralık Daire!,İzmir / Buca / Göksu Mah.,4. Kat,11 Yaşında,3 + 1,120 m²,16.950
12-09-2024,Daire,Safir'Den Öğrenciye Uygun 2+1 Eşyalı Kiralık Daire,İzmir / Buca / Atatürk Mah.,3. Kat,4 Yaşında,2 + 1,75 m²,22.000
08-10-2024,Daire,Güneş'Ten Şirinyer İzban 10dk 3+1 130m Y. Giriş Balkon 3 Tuvalet Önü Açık,İzmir / Buca / Hürriyet Mah.,Yüksek Giriş,15 Yaşında,3 + 1,130 m²,23.000
09-10-2024,Daire,Buca Kafeler Sokağı Yanı 3+1 D.Gazlı 4 Cephe Açık 3 Balkonlu Kiralık Daire,İzmir / Buca / Vali Rahmi Bey Mah.,4. Kat,19 Yaşında,3 + 1,135 m²,20.000
10-10-2024,Daire,Er Yapı Emlak Ofisinden T.Tepe Kampüs Karşısı Cadde Üzeri,İzmir / Buca / Kuruçeşme Mah.,2. Kat,11 Yaşında,1 + 1,49 m²,16.500
05-10-2024,Daire,"Eşyalı ,2 Oda 1 Salon Sıfır Lüx ,Doğalgazlı Ve Klimalı Daire",İzmir / Buca / Yaylacık Mah.,En Üst Kat,Sıfır Bina,2 + 1,75 m²,28.000
03-10-2024,Daire,Buca Atatürk Mahallesinde Üniversiteye Yakın 2+0 Gayet Kullanışlı Doğalgazlı Arakat Kiralık Daire,İzmir / Buca / Atatürk Mah.,Ara Kat,Sıfır Bina,2 + 1,75 m²,19.000
24-09-2024,Daire,Kiralık Daire Üniversite Tam Karşısında,İzmir / Buca / Menderes Mah.,Ara Kat,25 Yaşında,3 + 1,138 m²,22.500
04-10-2024,Daire,İzmir Buca Yaylacık Mahallesi//Siteiçi Çiftasansörlü Yangınmerdivenli//Fulyapılı Arakat 130m2/2+1dai,İzmir / Buca / Yaylacık Mah.,10. Kat,20 Yaşında,2 + 1,135 m²,20.500
08-10-2024,Daire,Üçkuyular Meydan Ve Fakülteler Yakını '2+1' Arakat-Dgazlı Daire,İzmir / Buca / Atatürk Mah.,3. Kat,11 Yaşında,2 + 1,70 m²,15.200
09-10-2024,Daire,Buca İşçi Evleri Yiğitler Mah.'De Eşyalı 2+1 D.Gazlı Kiralık Daire,İzmir / Buca / Yiğitler Mah.,4. Kat,24 Yaşında,2 + 1,90 m²,19.000
25-09-2024,Daire,Buca Ada Emlaktan Atatürk Mh. 3+1 Kiralık Daire,İzmir / Buca / Atatürk Mah.,2. Kat,11 Yaşında,3 + 1,170 m²,25.000
10-09-2024,Daire,Bella Home Sitesinde Full Eşyalı 1+1 Kiralık Daire,İzmir / Buca / Atatürk Mah.,5. Kat,5 Yaşında,1 + 1,55 m²,17.500
03-09-2024,Daire,Buca Adatepe Mahallesi 3+1 Kiralık Daire,İzmir / Buca / Adatepe Mah.,En Üst Kat,20 Yaşında,3 + 1,170 m²,25.000
01-10-2024,Daire,"Buca""Nın Merkezi Yerinde 3+1 130m2 Doğalgazlı Asansörlü Arakat Kiralık Daire",İzmir / Buca / Ufuk Mah.,2. Kat,20 Yaşında,3 + 1,130 m²,23.000
18-09-2024,Daire,"Buca Oyak 1.Etap'Da Eşyalı,Havuzlu,Otoparklı Sıfır 2+1 Kiralık Rezidans",İzmir / Buca / Aydoğdu Mah.,Bahçe Katı,12 Yaşında,2 + 1,100 m²,45.000
17-08-2024,Daire,Tınaztepe Kampüse Yürüyerek 10 Dk Mesafede Eşyalı Ev,İzmir / Buca / Atatürk Mah.,6. Kat,4 Yaşında,1 + 1,50 m²,18.500
07-10-2024,Daire,Tınaztepe Kampüse Yakın Tınaztepe Hastanesi Civarı 1+1 80 M2 Dgazlı Lüks Eşyalı Asansörlü Arakat,İzmir / Buca / Kuruçeşme Mah.,2. Kat,10 Yaşında,1 + 1,80 m²,20.000
03-10-2024,Daire,Ata Emlaktan Laleli Mahallesi Vali Rahmi Bey Okulu Yakını 2+1daire,İzmir / Buca / Laleli Mah.,4. Kat,27 Yaşında,2 + 1,90 m²,13.000
23-09-2024,Daire,Şirinyer Hürriyet Mahallesinde 2+1 Eşyalı Kiralık Daire,İzmir / Buca / Hürriyet Mah.,Ara Kat,4 Yaşında,2 + 1,80 m²,20.000
23-08-2024,Daire,Çevikbir Meydanı Ve Ssk Hastanesine2 Dk Mesafede 2+1 Daire,İzmir / Buca / Kozağaç Mah.,Ara Kat,9 Yaşında,2 + 1,115 m²,23.000
09-10-2024,Daire,Goldia Yapı’Dan Tınaztepe Yakını 1+1 Eşyalı Kiralık Daire,İzmir / Buca / Kuruçeşme Mah.,2. Kat,3 Yaşında,1 + 1,55 m²,16.000
06-10-2024,Daire,Buca Yeşilbağlar Mahallesi'Nde Aile Apartmanı Arakat 3+1 Kiralık Daire,İzmir / Buca / Yeşilbağlar Mah.,Ara Kat,16 Yaşında,3 + 1,125 m²,20.000
03-10-2024,Daire,Parisadan Site İçinde Eşyalı Dgazlı Klimalı 3+1 Kiralık Daire,İzmir / Buca / Yıldız Mah.,7. Kat,16 Yaşında,3 + 1,125 m²,25.000
02-10-2024,Daire,Marka'Dan Kampüs Yakını Klimalı Eşyalı Kiralık Daire,İzmir / Buca / Atatürk Mah.,Yüksek Giriş,5 Yaşında,1 + 1,55 m²,13.000
25-09-2024,Daire,Ref'Den Kampüs Karşısı Lüks Eşyalı Balkonlu 2+1 Kiralık Daire,İzmir / Buca / Atatürk Mah.,2. Kat,4 Yaşında,2 + 1,80 m²,25.000
13-09-2024,Daire,Buca Adatepe Mahallesi Eşyalı Kiralı 1+1,İzmir / Buca / Adatepe Mah.,3. Kat,6 Yaşında,1 + 1,55 m²,15.000
08-10-2024,Daire,Güneş'Ten 9 Eylül İktisat 5dk Eşyalı 1+1 60m Yüksek Giriş,İzmir / Buca / Yaylacık Mah.,4. Kat,4 Yaşında,1 + 1,60 m²,18.000
10-10-2024,Daire,Viraj Emlak 3+1 150m D.Gazlı Ara Kat Geniş Odalı Atatürk Mah Buca,İzmir / Buca / Atatürk Mah.,2. Kat,10 Yaşında,3 + 1,155 m²,22.500
10-10-2024,Daire,Er Yapı Emlak'Tan T.Tepe Kampüs Civarı D.Gazlı Klimalı Balkonlu,İzmir / Buca / Kuruçeşme Mah.,2. Kat,3 Yaşında,1 + 1,55 m²,18.000
12-09-2024,Daire,Safir'Den Kiralık Sıfır Eşyalı Doğalgazlı 2+1 Daire,İzmir / Buca / Yenigün Mah.,3. Kat,4 Yaşında,2 + 1,95 m²,25.000
25-09-2024,Daire,Buca Ada Emlaktan Adatepe Mh. 1+1 Eşyalı Kiralık Daire,İzmir / Buca / Adatepe Mah.,3. Kat,4 Yaşında,1 + 1,50 m²,12.000
10-09-2024,Daire,Deü Yakını Site İçi Full Eşyalı 1+1 Kıralık Daire,İzmir / Buca / Atatürk Mah.,8. Kat,5 Yaşında,1 + 1,60 m²,18.000
14-08-2024,Daire,Şehrin Göbeğinde Myvia Da Kiralık 3+1 Daire,İzmir / Buca / Buca Koop. Mah.,Bahçe Katı,5 Yaşında,3 + 1,145 m²,45.000
29-09-2024,Daire,Heykel Meydan Üst Kısmında 2+1 Doğalgazlı Klimalı Eşyalı Arakat Daire,İzmir / Buca / Adatepe Mah.,2. Kat,3 Yaşında,2 + 1,70 m²,18.000
08-10-2024,Daire,Buca Çevikbir Meydan'Da Bankalar Yanı 1+1 Merkezi Konum Geniş Doğalgazlı Klimalı Arakat Daire,İzmir / Buca / Kozağaç Mah.,1. Kat,10 Yaşında,2 + 1,85 m²,20.000
23-08-2024,Daire,Özevim Emlaktan Merkezi Konumda Öğrenciye Bekara Uygun Kiralık Eşyalı 3+1 Daire,İzmir / Buca / Mustafa Kemal Mah.,2. Kat,20 Yaşında,3 + 1,146 m²,25.000
10-10-2024,Daire,"Parisa""Dan Site İçinde Yüzme Havuzlu Spor Salonlu Eşyalı Doğalgazlı İki Adet Kliması Var",İzmir / Buca / Atatürk Mah.,Yüksek Giriş,5 Yaşında,1 + 1,55 m²,15.750
02-10-2024,Daire,Marka'Dan Anacadde&Kampüs Yakını Doğal Gazlı Eşyalı Kiralık Dair,İzmir / Buca / Atatürk Mah.,2. Kat,4 Yaşında,1 + 1,55 m²,15.500
07-10-2024,Daire,Buca Kozağaç Mahallesinde Eşyalı 1+1 Kiralık Daire,İzmir / Buca / Kozağaç Mah.,En Üst Kat,5 Yaşında,1 + 1,50 m²,18.000
24-09-2024,Daire,İzmir Buca Bucakoop,İzmir / Buca / Buca Koop. Mah.,8. Kat,25 Yaşında,3 + 1,120 m²,15.000
10-09-2024,Daire,Aslan Emlak Buca Kuruceşme Doğal Ğazlı Asansörlü Kiralık Daire,İzmir / Buca / Kuruçeşme Mah.,1. Kat,5 Yaşında,1 + 1,70 m²,13.000
10-10-2024,Daire,Viraj Emlak Kiralık Teraslı 2+1 70 M D.Gazlı Buca Merkez,İzmir / Buca / Kozağaç Mah.,3. Kat,8 Yaşında,2 + 1,70 m²,16.500
10-10-2024,Daire,Er Yapı Emlak Ofisinden T.Tepe Kampüs Karşısı 1+1 Eşyasız,İzmir / Buca / Kuruçeşme Mah.,2. Kat,5 Yaşında,1 + 1,45 m²,11.000
08-10-2024,Daire,Şirinyer İnklap Mah 3+1 Doğalgaz Kombili Arakat Kiralık Daire,İzmir / Buca / İnkılap Mah.,Ara Kat,25 Yaşında,3 + 1,130 m²,21.000
13-08-2024,Daire,Özpa - Buca Altınkapı Mahallesi Tenis Kulübü Yanı 45 M2 Doğalgazlı 1. Kat Kiralık Sıfır 1+1,İzmir / Buca / Gaziler Mah.,Ara Kat,Sıfır Bina,1 + 1,49 m²,17.000
15-09-2024,Daire,Buca Ada Emlaktan Atatürk Mh. 1+1 Eşyalı Kiralık Daire,İzmir / Buca / Atatürk Mah.,2. Kat,4 Yaşında,1 + 1,55 m²,17.000
15-08-2024,Daire,Buca Atatürk Mh.De Bella Home Sitesi 1+1 Kiralık Daire,İzmir / Buca / Atatürk Mah.,5. Kat,5 Yaşında,1 + 1,55 m²,19.000
05-10-2024,Daire,Buca Şirinyer Hürriyet Mah Eşyalı 1+1 55 M2 D.Gaz Asansör Otoprk,İzmir / Buca / Hürriyet Mah.,2. Kat,Sıfır Bina,1 + 1,55 m²,20.000
04-10-2024,Daire,Erdem Caddesi Civarı 4+1 150 M2 3 Cepheli Doğalgazlı Bakımlı Arakat Daire,İzmir / Buca / Menderes Mah.,2. Kat,25 Yaşında,4 + 1,150 m²,25.000
25-09-2024,Daire,İnönü Mah. Sıfır 1+1 Kiralık Dubleks,İzmir / Buca / İnönü Mah.,1. Kat,Sıfır Bina,1 + 1,70 m²,13.000
26-09-2024,Daire,Hasanağa'Ya Yürüme Mesafesi Acil 1+1 Eşyalı,İzmir / Buca / Atatürk Mah.,Yüksek Giriş,4 Yaşında,1 + 1,52 m²,13.500
18-09-2024,Daire,Buca'Da 3+1 Siteiçi Doğalgazlı Asansörlü Otoparklı Ferah Kiralık Daire Esnafoğlu'Ndan...,İzmir / Buca / Atatürk Mah.,8. Kat,16 Yaşında,3 + 1,150 m²,26.000
02-10-2024,Daire,Marka'Dan H.Ağa Bahçesi Yakını 2+1 Eşyalı&Klimalı Kiralık Daire,İzmir / Buca / Yaylacık Mah.,Yüksek Giriş,4 Yaşında,2 + 1,70 m²,17.000
23-09-2024,Daire,Şirinyer Hürriyet Mah.2+1 100 M2 Kiralık Bakımlı Arakat Daire,İzmir / Buca / Hürriyet Mah.,2. Kat,9 Yaşında,2 + 1,100 m²,23.000
10-10-2024,Daire,Viraj Emlak Ara Kat 2+1 85mt Uçan Yol Civarı Buca Şirinyer,İzmir / Buca / Çamlık Mah.,1. Kat,20 Yaşında,2 + 1,90 m²,14.000
10-09-2024,Daire,Şirinyer Park - Hipodrom Yakını Eşyalı 3+1,İzmir / Buca / Efeler Mah.,2. Kat,12 Yaşında,3 + 1,120 m²,24.000
12-09-2024,Daire,Safir'Den Doğalgazlı Klimalı 1+1 Eşyalı Daire,İzmir / Buca / Atatürk Mah.,2. Kat,4 Yaşında,1 + 1,55 m²,16.000
10-10-2024,Daire,Miraç Ins Kiralık Sıfır Daire,İzmir / Buca / Yıldız Mah.,1. Kat,Sıfır Bina,1 + 1,45 m²,12.999
08-10-2024,Daire,Eşyalı Kiralık Daire Temiz Sahibinden,İzmir / Buca / Göksu Mah.,3. Kat,10 Yaşında,2 + 1,85 m²,17.000
15-09-2024,Daire,Buca Dumlupınar Mah. Kiralık 2+1 Arakat Daire Dogalgazlı,İzmir / Buca / Dumlupınar Mah.,2. Kat,16 Yaşında,2 + 1,110 m²,18.000
29-08-2024,Daire,Üniversite Yakını Cadde Üzeri 3+1 Full Eşyalı Kiralık Daire,İzmir / Buca / Atatürk Mah.,6. Kat,25 Yaşında,3 + 1,130 m²,20.000
29-08-2024,Daire,Saygın Gayrimenkul Den Doğalgazlı Klimalı Eşyalı 1+1 Kiralık Daire,İzmir / Buca / Kuruçeşme Mah.,Ara Kat,5 Yaşında,1 + 1,55 m²,13.500
15-08-2024,Daire,Bella Home Sitesinde Full Eşyalı 1+1 Kiralık Daire,İzmir / Buca / Atatürk Mah.,7. Kat,5 Yaşında,1 + 1,55 m²,18.000
30-09-2024,Residence,Buca Günlük Kiralık Rezidans 7/24 Güvenli Hijyenik,İzmir / Buca / Atatürk Mah.,En Üst Kat,4 Yaşında,2 + 1,90 m²,300
25-09-2024,Daire,İzmir Buca Göksu Mahallesinde Sıfır 3+1 Kiralık Lüks Daire Doğalgaz Asansör Let Işıklandırma,İzmir / Buca / Göksu Mah.,Ara Kat,Sıfır Bina,3 + 1,120 m²,20.000
09-10-2024,Daire,İzmir Buca Çevik Bir Meydanına Yürüme Mesafesin' De Kiralık Daire,İzmir / Buca / Kozağaç Mah.,Zemin,8 Yaşında,3 + 1,130 m²,27.000
10-10-2024,Daire,Er Yapı Emlak Ofisinden T.Tepe Kampüs Karşısı Eşyalı Bahçeli,İzmir / Buca / Kuruçeşme Mah.,Bahçe Katı,5 Yaşında,1 + 1,55 m²,14.000
11-10-2024,Daire,Buca-Tınaztepe'De Kiralık 1+1 Eşyalı Daire,İzmir / Buca / Adatepe Mah.,1. Kat,6 Yaşında,1 + 1,55 m²,13.000
10-10-2024,Daire,Adatepe Mh. Fakülte Yakını ''1+1' Full İkea Eşyalı Kiralık Daire,İzmir / Buca / Atatürk Mah.,Yüksek Giriş,3 Yaşında,1 + 1,60 m²,14.150
02-10-2024,Daire,Marka'Dan Hasanağa Yakını 3+1 D.Gazlı Balkonlu Kiralık Daire,İzmir / Buca / Kozağaç Mah.,3. Kat,5 Yaşında,3 + 1,105 m²,22.000
14-09-2024,Daire,1+1 Eşyalı Kiralık Daire,İzmir / Buca / Kuruçeşme Mah.,2. Kat,6 Yaşında,1 + 1,50 m²,15.000
12-09-2024,Daire,Safir'Den Kapalı Mutfak Eşyalı Balkonlu 1+1 Kiralık Daire,İzmir / Buca / Atatürk Mah.,2. Kat,4 Yaşında,1 + 1,55 m²,19.000
09-10-2024,Daire,Turpa Ayel Yapı Dan 1+1 Kiralık,İzmir / Buca / Çamlıkule Mah.,1. Kat,8 Yaşında,1 + 1,50 m²,16.000
09-10-2024,Daire,İzmir Buca Çaldıran Mah.//Polisokulu Arkasında Emekli Karıkocaya 1+1 Müstakil Kiralık Daire,İzmir / Buca / Çaldıran Mah.,Zemin,30 Yaşında,1 + 1,75 m²,10.000
15-09-2024,Daire,Buca Ada Emlaktan Dumlupınar Mh. 3+1 Eşyalı Kiralık Daire,İzmir / Buca / Dumlupınar Mah.,4. Kat,21 Yaşında,3 + 1,130 m²,20.000
15-08-2024,Daire,Saygın Gayrimenkul Den Doğalgazlı Asansörlü Eşyasız 1+1 Balkonlu Kiralık Daire,İzmir / Buca / Yaylacık Mah.,2. Kat,3 Yaşında,1 + 1,50 m²,13.500
08-10-2024,Daire,Buca Kozagaç Mahhalessi Cadde Üzeri 2+1 Bakımlı Kiralık Daire,İzmir / Buca / Kozağaç Mah.,1. Kat,25 Yaşında,2 + 1,100 m²,15.000
27-09-2024,Daire,Adatepede Hasanağa Bahçesine Yürüme Mesafesinde Kiralık 2+1,İzmir / Buca / Adatepe Mah.,1. Kat,5 Yaşında,2 + 1,85 m²,20.000
26-09-2024,Daire,Buca Özel Tınaztepe Hastanesine Yakın Eşyalı Kiralık 1+1 Daire,İzmir / Buca / Atatürk Mah.,Zemin,6 Yaşında,1 + 1,45 m²,13.750
25-09-2024,Daire,Goldia Hasanağa Parkı Yakını Eşyalı Kiralık 1+1,İzmir / Buca / Adatepe Mah.,2. Kat,4 Yaşında,1 + 1,60 m²,16.000
09-10-2024,Daire,Buca Hoca Ahmet Yesevi Yurdunun Yakinında Eşyalı Kiralık Daire,İzmir / Buca / Yıldız Mah.,1. Kat,10 Yaşında,1 + 1,55 m²,16.000
23-09-2024,Daire,Buca Yıldız 1+1 45 M2 Doğalgazlı Kiralık Daire,İzmir / Buca / Yıldız Mah.,Zemin,5 Yaşında,1 + 1,45 m²,12.000
23-09-2024,Daire,Eğitim Ve İktisat Fakültesine Yürüyüş Mesafesinde Heykel Meydan Üstü 1+1 78 M2 Asansörlü Lüks Sıfır,İzmir / Buca / Yaylacık Mah.,4. Kat,Sıfır Bina,1 + 1,78 m²,15.000
02-10-2024,Daire,Marka'Dan Anacadde&Kampüs Yakını Eşyalı Klimalı Kiralık Daire,İzmir / Buca / Kozağaç Mah.,2. Kat,4 Yaşında,1 + 1,55 m²,15.000
04-10-2024,Daire,Çamlıkule Mh. Merkezi Konumda // 2+1 // D.Gazlı Arakat Kiralık,İzmir / Buca / Çamlıkule Mah.,3. Kat,16 Yaşında,2 + 1,130 m²,16.500
10-10-2024,Daire,Şirinyer Ufuk Mahallesine Stüdyo Daire 1+0 Tuvalet Banyo,İzmir / Buca / Ufuk Mah.,Yüksek Giriş,4 Yaşında,1 + 1,55 m²,10.000
04-10-2024,Daire,Üniversite Karşısı 1+1 Eşyalı Kiralık Daire,İzmir / Buca / Kuruçeşme Mah.,Ara Kat,5 Yaşında,1 + 1,50 m²,22.000
03-10-2024,Daire,Buca Üçkuyular 500m Asansörlü Doğalgazlı 3+1 Dubleks,İzmir / Buca / Kozağaç Mah.,4. Kat,1 Yaşında,3 + 1,130 m²,22.000
03-10-2024,Daire,Yeşilbağlar Mah. Buca Aile Apartmanı 11bin Tl,İzmir / Buca / Yenigün Mah.,Zemin,30 Yaşında,2 + 1,100 m²,11.000
27-09-2024,Daire,Nato Kavşağında Asansörlü Otoparklı Balkonlu Doğalgazlı 2+1,İzmir / Buca / Hürriyet Mah.,Yüksek Giriş,5 Yaşında,2 + 1,85 m²,19.000
25-09-2024,Daire,Has Cetınlerden Kıralık 1+1,İzmir / Buca / Adatepe Mah.,Yüksek Giriş,5 Yaşında,1 + 1,55 m²,16.000
20-09-2024,Daire,"Sahibinden Sahibinden Full Eşyalı, Doğal Gazlı, Klimalı, 2+1 Kiralık Daire",İzmir / Buca / Adatepe Mah.,3. Kat,10 Yaşında,2 + 1,100 m²,22.000
18-09-2024,Daire,Kozağaç Pazaryerinde Mükemmel Konumda 3+1 Eşyasız Kiralık Daire,İzmir / Buca / Kozağaç Mah.,2. Kat,25 Yaşında,3 + 1,145 m²,22.000
01-10-2024,Daire,Şirinyer İzban Dibinde 2+1 Eşyalı Kiralık Daire,İzmir / Buca / Menderes Mah.,1. Kat,12 Yaşında,2 + 1,90 m²,24.000
27-09-2024,Daire,Şirinyer'De Günlük 800 1+1,İzmir / Buca / Barış Mah.,Yarı Bodrum,25 Yaşında,1 + 1,50 m²,15.000
04-09-2024,Daire,Kiralık Daire (Öğrenciye),İzmir / Buca / Adatepe Mah.,2. Kat,15 Yaşında,3 + 1,110 m²,22.000
15-08-2024,Daire,"Sahibinden, 5 Klima+doğalgaz,140 M2 3+1 Eğitim Ve Hukuk Fak.10dk",İzmir / Buca / Yaylacık Mah.,Ara Kat,18 Yaşında,3 + 1,150 m²,25.000
27-09-2024,Daire,Ay Gayrimenkul'Den Adatepe Mh. 3+1 Geniş Eyşalı Kiralık Daire!!,İzmir / Buca / Adatepe Mah.,4. Kat,11 Yaşında,3 + 1,130 m²,18.000
09-09-2024,Daire,Bucakoop Mah. 1+1 55m2 Full Eşyalı Kiralık Daire,İzmir / Buca / Atatürk Mah.,Ara Kat,5 Yaşında,1 + 1,55 m²,21.000
03-10-2024,Daire,1+1 Ve 2+1 Lüks Apart Daireler - Konforlu Ve Lüks Günlük Evler,İzmir / Buca / Adatepe Mah.,En Üst Kat,5 Yaşında,2 + 1,80 m²,400
11-10-2024,Daire,Goldia Yapı'Dan Hasanağa Parkı Yakını Kiralık Eşyalı 1+1,İzmir / Buca / Adatepe Mah.,Ara Kat,4 Yaşında,1 + 1,55 m²,15.000
07-10-2024,Daire,Buca-İnönü Mh.De Kiralık 1+1 Yeni Daire,İzmir / Buca / İnönü Mah.,2. Kat,Sıfır Bina,1 + 1,70 m²,12.000
12-09-2024,Daire,Safir'Den Eşyalı Kiralık Kampüs Yakını 1+1 Daire,İzmir / Buca / Kuruçeşme Mah.,1. Kat,4 Yaşında,1 + 1,55 m²,15.000
20-09-2024,Daire,Buca Yiğitler Mh. 2+1 Kapalı Mutfak Doğalgazlı Kiralık Daire,İzmir / Buca / Yiğitler Mah.,2. Kat,25 Yaşında,2 + 1,95 m²,18.500
20-09-2024,Daire,Buca Mustafa Kemal Mah Kiralık Daire Reb Gayrimenkulden,İzmir / Buca / Mustafa Kemal Mah.,Yüksek Giriş,Sıfır Bina,2 + 1,110 m²,22.000
05-09-2024,Daire,Buca I Ulusalofıs Gayrımenkul 2+1 Esyali Kiralik Daıre,İzmir / Buca / Menderes Mah.,2. Kat,35 Yaşında,2 + 1,110 m²,22.000
15-09-2024,Daire,Marka'Dan Cadde Üzerinde 3+1 Arakat D.Gazlı Kiralık Daire,İzmir / Buca / Atatürk Mah.,2. Kat,21 Yaşında,3 + 1,120 m²,20.000
27-09-2024,Daire,Barış Mah 1+1 Doğalgazlı Eşyalı Kiralık Daire,İzmir / Buca / Ufuk Mah.,Zemin,8 Yaşında,1 + 1,65 m²,18.500
11-10-2024,Daire,Sahibinden Deü Tınaztepe Kampüse Sıfır Konumda Klimalı Daire,İzmir / Buca / Atatürk Mah.,Giriş Katı,4 Yaşında,1 + 1,50 m²,14.000
16-09-2024,Daire,Sane Gayrimenkul Den Buca Adatepe De Hasanağa Parki Yakını Kiralık Daire,İzmir / Buca / Adatepe Mah.,2. Kat,10 Yaşında,2 + 1,85 m²,21.000
07-10-2024,Daire,Buca Şirinyer'De Konak Tünel Çıkışı Sağa Dönüşde A101 Alt Tarafında 100m2 3+1 Daire,İzmir / Buca / Hürriyet Mah.,3. Kat,30 Yaşında,3 + 1,110 m²,13.000
23-09-2024,Daire,Akıncılar Mah.Hat Boyunda Full Tadilatlı Arakat3+1 Kiralık Daire,İzmir / Buca / Akıncılar Mah.,1. Kat,27 Yaşında,3 + 1,120 m²,22.500
18-09-2024,Daire,3+1 Eşyalı Kiralık Daire Hasanaga Bahçesine 800 Mtre,İzmir / Buca / Yıldız Mah.,2. Kat,4 Yaşında,3 + 1,140 m²,30.000
18-09-2024,Daire,Turyap Buca'Dan Çamlıpınar Mah.De Ara Kat Eşyalı Kiralık 2+1 Dai,İzmir / Buca / Çamlıpınar Mah.,2. Kat,13 Yaşında,2 + 1,100 m²,18.250
29-09-2024,Daire,Ref'Den Kampüs Karşısı Lüks Eşyalı Balkonlu 2+1 Kiralık Daire,İzmir / Buca / Kuruçeşme Mah.,2. Kat,4 Yaşında,2 + 1,80 m²,25.000
27-09-2024,Daire,-Ay Gayrimenkul'Den- Yaylacık Mh. 4+1 Eşyalı Kiralık Daire!!,İzmir / Buca / Yaylacık Mah.,3. Kat,16 Yaşında,4 + 1,140 m²,24.950
24-08-2024,Daire,Kampüs Yakını- Havuzlu Site İçi Kiralık 1+1 70m2 Daire!!,İzmir / Buca / Kuruçeşme Mah.,3. Kat,4 Yaşında,1 + 1,70 m²,21.000
30-09-2024,Daire,Sahibinden Temmuza Kadar Kiralık Eşyalı Stüdyo Daire,İzmir / Buca / Adatepe Mah.,Bahçe Katı,5 Yaşında,1 + 1,40 m²,13.000
17-09-2024,Daire,Kuruçeme Pazar Yeri Karşısı Arakat Kombili Kiralık 2+0 Daire,İzmir / Buca / Kuruçeşme Mah.,2. Kat,5 Yaşında,2 + 0,65 m²,14.000
28-09-2024,Daire,Goldia Yapı'Dan Kampüs Yakını 1+1 Eşyalı Kiralık,İzmir / Buca / Atatürk Mah.,2. Kat,4 Yaşında,1 + 1,55 m²,16.500
25-09-2024,Daire,Full Eşyalı / 1+0 / Klimalı - Elektrik Ve Su Kiraya Dahildir !!!,İzmir / Buca / Adatepe Mah.,2. Kat,5 Yaşında,1 + 1,30 m²,13.500
15-09-2024,Daire,Marka'Dan Anacadde&Kampüs Yakını Eşyalı Klimalı Kiralık Daire,İzmir / Buca / Adatepe Mah.,2. Kat,4 Yaşında,1 + 1,55 m²,13.000
09-10-2024,Daire,Ev Sahibinden Kiralik 2 Oda 1 Salon Eşyalı 110m2 Daire,İzmir / Buca / Barış Mah.,3. Kat,8 Yaşında,2 + 1,115 m²,13.000
10-10-2024,Daire,Kiralık Dairemiz Öğrenciye Veya Kamu.Personeline,İzmir / Buca / Yıldız Mah.,En Üst Kat,29 Yaşında,3 + 1,130 m²,17.500
30-09-2024,Daire,Buca Dumlupınar Mah. 2+1 Eşyalı Kiralık Daire,İzmir / Buca / Dumlupınar Mah.,4. Kat,9 Yaşında,2 + 1,80 m²,20.000
03-10-2024,Daire,Doğum Hastanesi Karşısında 3+1 Kiralık Daire,İzmir / Buca / Yıldız Mah.,5. Kat,15 Yaşında,3 + 1,110 m²,23.000
10-10-2024,Daire,Sahibinden 15 Hazirana Kadar Kiralıktır,İzmir / Buca / Dicle Mah.,Teras Katı,10 Yaşında,1 + 1,122 m²,20.000
21-09-2024,Daire,Adatepede Güzel Lokasyonlu 2+1,İzmir / Buca / Adatepe Mah.,En Üst Kat,10 Yaşında,2 + 1,90 m²,11.000
07-10-2024,Daire,Atölye'Den Hasanağa Bahçesi Yakını Tadilatlı 135 M² Kiralık 3+1,İzmir / Buca / Atatürk Mah.,1. Kat,20 Yaşında,3 + 1,145 m²,18.500
14-08-2024,Daire,Hasanağa Bahçesine 50mt Geniş Ferah 1+1,İzmir / Buca / Kozağaç Mah.,Yüksek Giriş,3 Yaşında,1 + 1,60 m²,18.000
04-10-2024,Daire,Bucaparisa'Dan Kozağaç Meydan Yakını Kiralık 2+1,İzmir / Buca / Çamlıkule Mah.,3. Kat,18 Yaşında,2 + 1,100 m²,13.000
09-09-2024,Daire,Güneş'Ten 3+1 135m2 D.Gazlı Eşyalı İzbana 5dk Kiralık Daire,İzmir / Buca / Hürriyet Mah.,Yüksek Giriş,4 Yaşında,3 + 1,130 m²,27.500
20-08-2024,Daire,Ref'Den Havuzlu Sitede Lüks Dizayn D.Gazlı Klimalı Balkonlu 1+1,İzmir / Buca / Kuruçeşme Mah.,3. Kat,Sıfır Bina,1 + 1,55 m²,22.000
03-10-2024,Daire,Yenigün Bölgesinde Kiralık 3+1 Daire,İzmir / Buca / Fırat Mah.,2. Kat,Sıfır Bina,3 + 1,140 m²,35.000
07-09-2024,Daire,Mert Tekin'Den Üniversite Yakını Full Eşyalı Merkezi Konumda 1+1,İzmir / Buca / Kuruçeşme Mah.,Giriş Katı,5 Yaşında,1 + 1,55 m²,15.000
11-10-2024,Daire,Buca Çaldıran Mah.//Polisokulu Arkası Uçanyolyakını//Şirinyer İzbana 15dk Mesafede//Emekliye Daire,İzmir / Buca / Çaldıran Mah.,Zemin,30 Yaşında,2 + 1,85 m²,12.000
25-08-2024,Daire,Buca Menders Cad. Üstü Full Eşyalı Kiralık 2+1 Ara Kat Daire,İzmir / Buca / Hürriyet Mah.,Ara Kat,35 Yaşında,2 + 1,145 m²,22.000
20-09-2024,Daire,Fırat Mah. 3+1 Arakat Çift Balkonlu 150 M2 Kiralık Daire,İzmir / Buca / Fırat Mah.,2. Kat,18 Yaşında,3 + 1,150 m²,19.750
15-09-2024,Daire,Marka'Dan Anacadde&Kampüs Yakını Doğal Gazlı Eşyalı Kiralık Dair,İzmir / Buca / Atatürk Mah.,2. Kat,4 Yaşında,1 + 1,55 m²,15.500
27-09-2024,Daire,Yenigün Mahallesinde Doğalgazlı Bahçeli 3+1,İzmir / Buca / Yenigün Mah.,Yüksek Giriş,16 Yaşında,3 + 1,125 m²,14.500
29-09-2024,Daire,Yesevi Yurdu Caddesinde Sıfır Eşyalı Kiralık Daire,İzmir / Buca / Atatürk Mah.,2. Kat,5 Yaşında,1 + 1,55 m²,18.000
10-10-2024,Daire,Üçkuyular Meydan Hasanağa Bahçesinde ''1+1'' Dgaz-Klimalı,İzmir / Buca / Atatürk Mah.,En Üst Kat,5 Yaşında,1 + 1,60 m²,16.750
26-09-2024,Daire,Kuruçeşmede Merkezi Konum Kiralık 1+1 Eşyalı !,İzmir / Buca / Kuruçeşme Mah.,Ara Kat,12 Yaşında,1 + 1,55 m²,15.500
09-10-2024,Daire,Turyap Bucadan H.A. Yesevi Yurdu Yakını 2+1 Eşyalı D.Gazlı Daire,İzmir / Buca / Yıldız Mah.,Yüksek Giriş,5 Yaşında,2 + 1,60 m²,21.000
01-10-2024,Daire,Otokent Yakını Eshot Genel Müdürlüğü Karşısı 150 M² Ferah Kiralık 3+1,İzmir / Buca / İnönü Mah.,3. Kat,20 Yaşında,3 + 1,150 m²,17.000
14-09-2024,Daire,Buca Menderes Mah. Belediye Yakını Eşyalı Kiralık 1+1 Daire,İzmir / Buca / Menderes Mah.,Giriş Katı,6 Yaşında,1 + 1,60 m²,15.000
03-10-2024,Daire,Parisa'Dan Tınaztepe Hast. Ve Kampüse Yakın Kiralık 3+1 Daire,İzmir / Buca / Yıldız Mah.,7. Kat,16 Yaşında,3 + 1,125 m²,19.500
07-09-2024,Daire,Güneş Emlak'Tan Efeler Mahallesi 3+1 125m2 D.Gazlı Kiralık Daire,İzmir / Buca / Vali Rahmi Bey Mah.,5. Kat,25 Yaşında,3 + 1,125 m²,19.000
29-08-2024,Daire,Ref’Den Mükemmel Konum D.Gaz+balkon+ebeveyn Banyolu Kiralık 3+1,İzmir / Buca / Kuruçeşme Mah.,2. Kat,5 Yaşında,3 + 1,120 m²,21.500
04-09-2024,Daire,İzmir Buca Menderes Mahallesinde Öğrenciye Kiralık 3+1 Daire,İzmir / Buca / Menderes Mah.,1. Kat,27 Yaşında,3 + 1,140 m²,25.000
07-10-2024,Daire,Buca Çevikbir'De Hastane Yanı Merkezi Konum 3+1 D.Gazlı 120m2 Kiralık Daire,İzmir / Buca / Vali Rahmi Bey Mah.,Yüksek Giriş,15 Yaşında,3 + 1,130 m²,18.000
20-08-2024,Daire,İzmir Buca Akıncılar Mah. De 1+ 1 Kiralık Daire,İzmir / Buca / Akıncılar Mah.,1. Kat,2 Yaşında,1 + 1,55 m²,17.000
14-08-2024,Daire,Meydan Yakını Arakat Doğalgazlı Sıfır Otomatik Panjurlu 1+1,İzmir / Buca / Kozağaç Mah.,1. Kat,Sıfır Bina,1 + 1,56 m²,13.500
15-09-2024,Daire,Marka'Dan Anacadde&Kampüs Yakını Klimalı Kiralık Daire,İzmir / Buca / Atatürk Mah.,Zemin,4 Yaşında,1 + 1,55 m²,12.000
03-09-2024,Daire,Buca Atatürk Mahallesinde Kiralık Çift Banyolu Arakat Daire,İzmir / Buca / Atatürk Mah.,2. Kat,20 Yaşında,3 + 1,130 m²,16.000
28-09-2024,Daire,Hasanağa Bahçesi Üniversite Arkası Eşyaşı Geniş Balkonlu Kiralık Daire,İzmir / Buca / Adatepe Mah.,2. Kat,8 Yaşında,11 + 18,60 m²,18.000
13-09-2024,Daire,İzmir Buca Kuruçeşme Mh Kiralık 2+1 Açık Mutfaklı Daire 9 Eylül Ve Tınaztepenin Karşısında,İzmir / Buca / Adatepe Mah.,2. Kat,4 Yaşında,2 + 1,75 m²,18.000
27-09-2024,Daire,Kampüs Karşısı Geniş Balkonlu Full Eşyalı Lüx Daire!!!,İzmir / Buca / Kuruçeşme Mah.,4. Kat,4 Yaşında,1 + 1,50 m²,18.500
24-09-2024,Daire,Turyap Buca'Dan Öğrenciye Memura Uygun 1+1 Eşyalı Daire,İzmir / Buca / Atatürk Mah.,3. Kat,17 Yaşında,1 + 1,45 m²,14.000
02-09-2024,Daire,Kozağaç Meydan Yakını Doğalgazlı Teras Katı 2+1 Daire,İzmir / Buca / Kozağaç Mah.,4. Kat,20 Yaşında,2 + 1,110 m²,15.000
03-10-2024,Daire,Parisadan Havuzlu Site İçinde Eşyalı Kiralık 1+1,İzmir / Buca / Atatürk Mah.,Giriş Katı,5 Yaşında,1 + 1,55 m²,16.500
12-09-2024,Daire,Safir'Den Kozağaç Mahallesinde 3+1 Kiralık Daire,İzmir / Buca / Kozağaç Mah.,3. Kat,5 Yaşında,3 + 1,120 m²,25.000
07-09-2024,Daire,Güneş Emlak'Tan 3+1 Ara Kat Full Eşyalı İzban'A Yürüme Mesafesinde Kiralık Daire,İzmir / Buca / Efeler Mah.,2. Kat,15 Yaşında,3 + 1,125 m²,25.000
16-08-2024,Daire,Yenigün Mah. Site İçi 4+1 285m2 Teraslı Havuzlu Ultra Lüks Daire,İzmir / Buca / Yenigün Mah.,8. Kat,5 Yaşında,4 + 1,285 m²,50.000
07-10-2024,Daire,Buca Adatepe Kiralık Daire 1+1 Eşyasız Doğalgazlı,İzmir / Buca / Yaylacık Mah.,Kot 1,4 Yaşında,1 + 1,55 m²,12.000
05-10-2024,Daire,Üçkuyular Meydan Ve Fakülteler Yakını '2+1' Arakat-Dgazlı Daire,İzmir / Buca / Atatürk Mah.,2. Kat,15 Yaşında,2 + 1,75 m²,15.000
23-09-2024,Daire,Baris Mah 3+1 Kiralik Daire,İzmir / Buca / Barış Mah.,3. Kat,25 Yaşında,3 + 1,130 m²,23.000
01-10-2024,Daire,Atölye'Den Adatepe Mahallesi Üniversite Yakını Ful Eşyalı Kiralık 2+1 Daire,İzmir / Buca / Adatepe Mah.,3. Kat,8 Yaşında,2 + 1,78 m²,25.000
03-10-2024,Daire,Arga'Dan Buca Çevik Bir'De Zemin Kat 2+1 Kiralık Daire.,İzmir / Buca / Yenigün Mah.,Yüksek Giriş,25 Yaşında,3 + 1,100 m²,13.500
15-09-2024,Daire,Marka'Dan Anacadde&Kampüs Yakını D.Gazlı 3+1 Kiralık Daire,İzmir / Buca / Atatürk Mah.,9. Kat,21 Yaşında,3 + 1,120 m²,27.000
30-09-2024,Daire,Kuruçeşme Mah. Havuzlu Site İçinde Full Eşyalı 1+1 Kiralık Daire,İzmir / Buca / Adatepe Mah.,3. Kat,1 Yaşında,1 + 1,55 m²,23.000
25-09-2024,Daire,Hasanağa 300 Mtre Sıfır Esyalı 1+1 Kiralık Daire,İzmir / Buca / Atatürk Mah.,2. Kat,Sıfır Bina,1 + 1,50 m²,18.000
13-09-2024,Daire,Üniversite Yakını Ara Kat Asansörlü Doğalgaz Klima Eşyalı 1+1,İzmir / Buca / Yaylacık Mah.,1. Kat,1 Yaşında,1 + 1,50 m²,16.000
15-09-2024,Daire,Buca Ada Emlaktan Yaylacık Mh. 3+1 Site İçersinde Kiralık Daire,İzmir / Buca / Yaylacık Mah.,7. Kat,21 Yaşında,3 + 1,160 m²,17.000
25-09-2024,Daire,Buca Göksu Mahalesinde 2+1kiralık Daire,İzmir / Buca / Göksu Mah.,Çatı Katı,20 Yaşında,2 + 1,100 m²,10.000
12-09-2024,Daire,Safir'Den Doğalgazlı Klimalı 3+1 Eşyalı Daire,İzmir / Buca / Atatürk Mah.,2. Kat,2 Yaşında,3 + 1,110 m²,30.000
07-09-2024,Daire,Güneş Emlak'Tan 1+1 Asansörlü Otoparklı Sıfır Lüks Kiralık Daire,İzmir / Buca / İnkılap Mah.,Yüksek Giriş,Sıfır Bina,1 + 1,45 m²,15.000
09-10-2024,Daire,Turyap Buca'Dan Üniversite Yakını Full Eşyalı D.Gazlı 1+1 Daire,İzmir / Buca / Yıldız Mah.,2. Kat,7 Yaşında,1 + 1,50 m²,16.000
03-10-2024,Daire,Barış Mah Ecevit Parki Yaninda 3+1 Kiralik Daire,İzmir / Buca / Barış Mah.,2. Kat,25 Yaşında,3 + 1,130 m²,18.000
05-09-2024,Daire,Yenigün Mahallesi'Nde 3+1 Doğalgazlı Daire,İzmir / Buca / Yenigün Mah.,4. Kat,20 Yaşında,3 + 1,135 m²,20.000
07-10-2024,Daire,Okan Emlaktan Buca Hasanağa Bahçesi Yakını 1+1 Daire,İzmir / Buca / Adatepe Mah.,3. Kat,8 Yaşında,1 + 1,55 m²,15.500
05-10-2024,Daire,D.Gazlı Geniş 4+1 Öğrenciye Memura Kiralık Ev,İzmir / Buca / Yaylacık Mah.,Ara Kat,18 Yaşında,4 + 1,130 m²,22.000
03-09-2024,Daire,Buca - İnönü' De Kiralık Lüx Daire,İzmir / Buca / İnönü Mah.,2. Kat,Sıfır Bina,2 + 1,100 m²,20.000
31-08-2024,Daire,Menderes Cad. Bitişiği Merkezi Konumda 3+1 Ara Kat Kiralık Daire,İzmir / Buca / Güven Mah.,2. Kat,30 Yaşında,3 + 1,135 m²,20.000
21-08-2024,Daire,Özel Tınaztepe Hastane Karşısı Lüx Yapılı Geniş 3+1 Daire,İzmir / Buca / Kuruçeşme Mah.,2. Kat,7 Yaşında,3 + 1,165 m²,20.000
07-09-2024,Daire,Kuruçeşme Meydanda Ara Kat+doğalgaz+balkon+çift Cepheli+ebeveyn Kiralık 3+1,İzmir / Buca / Kuruçeşme Mah.,Ara Kat,5 Yaşında,3 + 1,125 m²,21.000
22-09-2024,Daire,Açıklamayı Okuyun Atatürk Mah Site İçerisinde Full Eşyalı Ultra Lüx Daire,İzmir / Buca / Atatürk Mah.,6. Kat,5 Yaşında,1 + 1,65 m²,17.000
02-10-2024,Daire,Marka'Dan Merkezi Konumda Klimalı Balkonlu Kiralık Daire,İzmir / Buca / Atatürk Mah.,1. Kat,4 Yaşında,1 + 1,55 m²,15.000
01-10-2024,Daire,Buca Kuruçeşme Üniversite Karşısı Kiralık Eşyalı Daire,İzmir / Buca / Kuruçeşme Mah.,1. Kat,7 Yaşında,2 + 0,55 m²,18.000
05-10-2024,Daire,Buca Yeşilbağlar Mah.'De 2+1 Ara Kat Bakımlı Kiralık Daire,İzmir / Buca / Yeşilbağlar Mah.,3. Kat,21 Yaşında,2 + 1,110 m²,14.000
13-08-2024,Daire,Ata Emlktan Şirinyer Merkezde Çift Cepheli 3+1 Doğalgazlı Daire.,İzmir / Buca / Hürriyet Mah.,4. Kat,40 Yaşında,3 + 1,140 m²,17.500
25-09-2024,Daire,Şirinyer Namıkkemal Caddesinde 3+1 Arakat Daire.İzbana Yürüme Mesafesinde,İzmir / Buca / Hürriyet Mah.,Ara Kat,26 Yaşında,3 + 1,118 m²,15.000
14-08-2024,Daire,Geniş Arakat Doğalgazlı Yeni Bina Lüx 1+1,İzmir / Buca / Kozağaç Mah.,1. Kat,4 Yaşında,1 + 1,58 m²,16.000
03-10-2024,Daire,Kız Öğrenciye Yada Aileye Full Eşyalı D.Gazlı Kiralık Daire,İzmir / Buca / Atatürk Mah.,3. Kat,15 Yaşında,3 + 1,120 m²,25.000
18-09-2024,Daire,Buca Üçkuyular Meydan Mewkii 2+1 Eşyalı Klimalı Lüx Kiralık Daire Esnafoğlu'Ndan...,İzmir / Buca / Atatürk Mah.,3. Kat,4 Yaşında,2 + 1,80 m²,24.000
29-09-2024,Daire,Adatepe De Kiralık Eşyalı Daire,İzmir / Buca / Adatepe Mah.,2. Kat,8 Yaşında,1 + 1,55 m²,16.000
12-09-2024,Daire,Safir'Den Yıldız Mahallesinde Eşyalı Doğalgazlı 2+1 Kiralık,İzmir / Buca / Yıldız Mah.,Giriş Katı,11 Yaşında,2 + 1,80 m²,25.000
02-10-2024,Daire,Marka'Dan Kampüs Yakını Eşyalı 2+0 Klimalı D.Gazlı Kiralık Daire,İzmir / Buca / Adatepe Mah.,4. Kat,4 Yaşında,2 + 0,70 m²,16.500
28-09-2024,Daire,Atölye'Den Yaylacık Mah.Doğalgazlı Eşyalı 1+1 Kiralık Daire,İzmir / Buca / Yaylacık Mah.,3. Kat,5 Yaşında,1 + 1,53 m²,15.000
02-10-2024,Daire,Hasanağa Parki Yaninda 3+1 Kiralik Daire,İzmir / Buca / Adatepe Mah.,Giriş Katı,30 Yaşında,3 + 1,130 m²,17.000
10-09-2024,Daire,Hasanağa Meydana Birkaç Sokak 2+1 Asansörlü Otoparklı Dgaz Kombili Ankastreli Eşyalı Lüks Daire,İzmir / Buca / Kozağaç Mah.,4. Kat,4 Yaşında,2 + 1,80 m²,20.000
27-09-2024,Daire,Buca Dumlupınar Çevikbir Üçkuyular Meydanda 2+1 Full Eşyalı Kiralık Daire,İzmir / Buca / Dumlupınar Mah.,3. Kat,2 Yaşında,2 + 1,100 m²,30.000
05-09-2024,Daire,Barış Mh 1+1 Doğalgazl Asansörlü Balkonlu Kiralık Sıfır Daireler,İzmir / Buca / Barış Mah.,3. Kat,Sıfır Bina,1 + 1,55 m²,20.000
27-09-2024,Daire,-Ay Gayrimenkul'Den- İnönü Mh. 2+1 Uygun Kiralık Daire!,İzmir / Buca / İnönü Mah.,4. Kat,11 Yaşında,2 + 1,100 m²,12.450
12-09-2024,Daire,Safir'Den Doğalgazlı Eşyalı 2+1 Kiralık Daire,İzmir / Buca / Atatürk Mah.,2. Kat,3 Yaşında,2 + 1,85 m²,25.000
26-08-2024,Daire,İzmir Buca Bucakoop,İzmir / Buca / Buca Koop. Mah.,3. Kat,25 Yaşında,3 + 1,120 m²,22.000
15-09-2024,Daire,Marka'Dan Merkezi Konumda 1+1 Eşyalı Klimalı Kiralık Daire,İzmir / Buca / Atatürk Mah.,2. Kat,3 Yaşında,1 + 1,50 m²,15.000
01-10-2024,Daire,Goldia Yapıdan Tınaztepe Kampüse Yakın 1+1,İzmir / Buca / Kuruçeşme Mah.,Yüksek Giriş,5 Yaşında,1 + 1,55 m²,15.500
17-08-2024,Daire,Kiralık 3+1 Arakat Doğalgazlı,İzmir / Buca / Hürriyet Mah.,3. Kat,25 Yaşında,3 + 1,120 m²,20.000
17-09-2024,Daire,Buca Atatürk Mahallesinde Eşyalı Kiralık Daire,İzmir / Buca / Atatürk Mah.,1. Kat,5 Yaşında,1 + 1,60 m²,15.500
10-10-2024,Daire,Er Yapı Emlak Ofisi 2+1 Eşyasız Klimalı Hasanağa Bahçesi Yanında,İzmir / Buca / Dumlupınar Mah.,2. Kat,5 Yaşında,2 + 1,75 m²,20.000
22-09-2024,Daire,Adatepe Mh 1+1 Kiralik,İzmir / Buca / Adatepe Mah.,1. Kat,15 Yaşında,1 + 1,50 m²,14.000
19-08-2024,Daire,Buca Gediz Saatkulesi Arkası//Sevgiyolu Yakını//Dolmuş Geçitiği Yolda//5yıllık Balkonlu/Bahçeli Dair,İzmir / Buca / İnönü Mah.,Yüksek Giriş,5 Yaşında,2 + 1,75 m²,15.000
02-10-2024,Daire,Üniversite Yakını 1+0 Eşyalı D.Gazlı Merkezi Konumda Kiralık Lüks Daireler,İzmir / Buca / Yaylacık Mah.,2. Kat,Sıfır Bina,Stüdyo,40 m²,13.000
20-09-2024,Daire,Çamlıkule Mh. Merkezi Konumda // 2+1 // D.Gazlı Arakat Kiralık,İzmir / Buca / Çamlıkule Mah.,2. Kat,16 Yaşında,2 + 1,130 m²,16.500
03-10-2024,Daire,Dokuz Eylül Üniversitesi Yakını Kiralık Eşyalı...,İzmir / Buca / Yaylacık Mah.,Zemin,18 Yaşında,2 + 1,55 m²,13.500
19-09-2024,Daire,Turyap Buca'Dan Atatürk Mh.De Öğrenciye Kiralık 1+0 Daire,İzmir / Buca / Atatürk Mah.,2. Kat,13 Yaşında,Stüdyo,40 m²,12.500
12-09-2024,Daire,Özpa - Şirinyer İzbanda Doğalgazlı Açık Otoparklı Temiz 1+1 Kiralık Daire,İzmir / Buca / Hürriyet Mah.,3. Kat,4 Yaşında,1 + 1,55 m²,17.000
02-10-2024,Daire,Marka'Dan Merkezi Konumda 3+1 Klima D.Gaz Kiralık Daire,İzmir / Buca / Yaylacık Mah.,4. Kat,5 Yaşında,3 + 1,150 m²,34.000
06-10-2024,Daire,Merkezi Konumda Kiralık 2+1 Daire 100 Metrekare,İzmir / Buca / Güven Mah.,3. Kat,8 Yaşında,2 + 1,110 m²,10.000
31-08-2024,Daire,2 Yıl Süre Kiralık Daire,İzmir / Buca / Efeler Mah.,Yüksek Giriş,31 Yaşında,3 + 1,135 m²,24.000
23-09-2024,Daire,Buca Atatürk Mahallesinde Kiralık 1+1 Daire,İzmir / Buca / Atatürk Mah.,Yüksek Giriş,7 Yaşında,1 + 1,50 m²,11.000
26-09-2024,Daire,Viraj Emlak Kiralık Eşyalı 1+1 50m Adatepe Buca,İzmir / Buca / Adatepe Mah.,2. Kat,7 Yaşında,1 + 1,50 m²,15.500
20-08-2024,Daire,Ref'Den Doğuş Cad'De 145 M2 D.Gazlı Balkonlu Kiralık 3+1,İzmir / Buca / Kuruçeşme Mah.,2. Kat,16 Yaşında,3 + 1,155 m²,20.000
30-09-2024,Daire,Buca Kadın Doğum Hast. Yakını 2+0 65 M2 Asansörlü Arakat Balkonlu Kiralık Daire,İzmir / Buca / Atatürk Mah.,2. Kat,11 Yaşında,2 + 0,70 m²,17.000
10-09-2024,Daire,"Merkezi Lokasyonda,Kapalı Mutfak,Ara Kat, 2+1 Kiralık Daire",İzmir / Buca / Kuruçeşme Mah.,2. Kat,5 Yaşında,2 + 1,95 m²,21.500
02-10-2024,Daire,Marka'Dan Merkezi Konumda D.Gazlı Eşyasız Kiralık Daire,İzmir / Buca / Atatürk Mah.,Giriş Katı,4 Yaşında,1 + 1,55 m²,13.000
07-10-2024,Daire,Buca Hasanağa Bahçesi Yakını 1+1 35m2 Klimalı Kiralık Daire,İzmir / Buca / Atatürk Mah.,2. Kat,7 Yaşında,1 + 1,35 m²,10.000
04-10-2024,Daire,Er Yapı Emlak Ofisinden T.Tepe Kampüs Karşısı Cadde Üzeri,İzmir / Buca / Kuruçeşme Mah.,Ara Kat,10 Yaşında,1 + 1,49 m²,16.500
03-10-2024,Daire,Bucaparisa'Dan Kadın Doğum Hastanesi Yanı Klimalı 3+1,İzmir / Buca / Atatürk Mah.,1. Kat,21 Yaşında,3 + 1,140 m²,16.000
17-09-2024,Daire,Ref’Den Doğuş Cad’De Arakat Asansörlü Doğalgazlı Kiralık 1+1,İzmir / Buca / Kuruçeşme Mah.,2. Kat,3 Yaşında,1 + 1,45 m²,16.000
12-09-2024,Daire,Kampüse Yürüme Mesafesinde Fırsat Daire,İzmir / Buca / Kuruçeşme Mah.,Ara Kat,4 Yaşında,1 + 1,50 m²,15.500
02-10-2024,Daire,Buca Menderes Mahallesinde Kiralık 3+1 Daire,İzmir / Buca / Ufuk Mah.,Ara Kat,25 Yaşında,3 + 1,130 m²,18.000
26-09-2024,Daire,Viraj Emlak Asansörlü 1+1 50m Ara Kat Eşyalı Daire Buca Kuruçeşme,İzmir / Buca / Kuruçeşme Mah.,8. Kat,7 Yaşında,1 + 1,50 m²,17.000
12-09-2024,Daire,Safir'Den Ferah Doğalgazlı Klimalı 1+1 Kiralık Daire,İzmir / Buca / Atatürk Mah.,2. Kat,4 Yaşında,1 + 1,55 m²,17.000
17-08-2024,Daire,Buca Günlük Kiralık Daire Hijyenik Temiz,İzmir / Buca / Zafer Mah.,Ara Kat,3 Yaşında,4 + 1,90 m²,300.000
24-08-2024,Daire,Saygın Gayrimenkul Den Klimalı Doğalgazlı Asansörlü Yeni Eşyalı Sıfır Daire,İzmir / Buca / Yaylacık Mah.,Ara Kat,3 Yaşında,1 + 1,55 m²,17.000
15-09-2024,Daire,Marka'Dan Karanfil Mah. 2+1 D.Gazlı Balkonlu Arakat Kiralık Dair,İzmir / Buca / Karanfil Mah.,2. Kat,26 Yaşında,2 + 1,90 m²,15.500
27-09-2024,Daire,Buca Çevikbir Meydan Buca Ssk Yanında Arakat 3+1 D.Gazli Balkonlu Kıralık Daıre,İzmir / Buca / Kozağaç Mah.,3. Kat,Sıfır Bina,3 + 1,130 m²,25.000
14-08-2024,Daire,Hasan Ağa Parkının Yanında Full Eşyalı Kiralık 2+1,İzmir / Buca / Adatepe Mah.,1. Kat,4 Yaşında,2 + 1,85 m²,24.900
03-10-2024,Daire,Bucaparisa'Dan Tınaztepe Hastanesi Yanı D.Gaz. 2+1 Kiralık Daire,İzmir / Buca / Kuruçeşme Mah.,2. Kat,3 Yaşında,2 + 1,65 m²,15.000
04-10-2024,Daire,Güneş'Ten Şirinyer Metro 5dk 1+1 50m Eşyalı Asansör 2.Kat Açık Mutfak,İzmir / Buca / Hürriyet Mah.,2. Kat,2 Yaşında,1 + 1,50 m²,19.500
15-09-2024,Daire,Kiralık 1+1 Doğalgazlı Balkonlu Geniş Bir Daire,İzmir / Buca / Adatepe Mah.,Kot 2,4 Yaşında,1 + 1,65 m²,13.500
04-10-2024,Daire,Buca Hasanağa Parkına Yürüme Mesafesinde 1+1 Eşyalı Kiralık Daire,İzmir / Buca / Adatepe Mah.,Ara Kat,8 Yaşında,1 + 1,55 m²,17.000
23-09-2024,Villa,Viraj Emlak Kiralık Sıfır Lüx Villa 145m Kaynaklar Merkez Buca,İzmir / Buca / Kaynaklar Merkez Mah.,,Sıfır Bina,3 + 1,145 m²,37.000
20-07-2024,Daire,İzmir Bucada Kiralık 3+1 Daire,İzmir / Buca / Yıldız Mah.,3. Kat,21 Yaşında,3 + 1,120 m²,21.000
20-07-2024,Daire,1+1 Eşyalı Doğalgazlı Klimalı Arakat Asansörlü Lüx Daire,İzmir / Buca / Adatepe Mah.,3. Kat,10 Yaşında,1 + 1,60 m²,20.000
06-09-2024,Daire,İzmir Bucada Konforlu Günlük Haftalık Kiralık Daireler,İzmir / Buca / Akıncılar Mah.,Yüksek Giriş,4 Yaşında,3 + 1,90 m²,400
02-10-2024,Daire,Marka'Dan H.Ağa Bahçesi Yakını 3+1 D.Gazlı Balkonlu Kiralık Dair,İzmir / Buca / Kozağaç Mah.,3. Kat,5 Yaşında,3 + 1,105 m²,20.000
12-09-2024,Daire,Safir'Den Eşyalı Geniş Kampüs Yakını 1+1 Kiralık Daire,İzmir / Buca / Kuruçeşme Mah.,2. Kat,4 Yaşında,1 + 1,55 m²,15.000
17-09-2024,Daire,Üçkuyular Meydanda Geniş 2+1 Daire,İzmir / Buca / Kozağaç Mah.,2. Kat,10 Yaşında,2 + 1,120 m²,28.000
02-10-2024,Daire,Sahibinden Buca Üniversite Yakını Ara Kat Doğalgaz Sıfır 1+1,İzmir / Buca / Yaylacık Mah.,2. Kat,Sıfır Bina,1 + 1,65 m²,18.000
09-09-2024,Residence,Bucada Kiralık Eşyalı Havuzlu 1+0,İzmir / Buca / Kuruçeşme Mah.,2. Kat,5 Yaşında,Stüdyo,25 m²,17.250
27-09-2024,Daire,Yeşilbağlar Mah. Memura Eşyalı&Eşyasız Kiralık 2+1 Daire,İzmir / Buca / Yeşilbağlar Mah.,4. Kat,26 Yaşında,2 + 1,105 m²,15.500
04-10-2024,Daire,Kampüs Karşısı 2+0 Yeni Eşyalı Kiralık Daire,İzmir / Buca / Atatürk Mah.,2. Kat,4 Yaşında,2 + 0,50 m²,18.000
02-10-2024,Daire,Buca Yıldız 1+1 45 M2 Doğalgazlı Kiralık Daire,İzmir / Buca / Yıldız Mah.,Zemin,5 Yaşında,1 + 1,45 m²,12.000
03-10-2024,Daire,Parisa'Dan Kampüs Karşısı D.Gazlı Klimalı Asansörlü Eşyalı 3+1,İzmir / Buca / Atatürk Mah.,4. Kat,26 Yaşında,3 + 1,135 m²,25.000
09-09-2024,Daire,Güneş'Ten 160m2 3+1 Şirinyer İzban Karşısı Kiralık,İzmir / Buca / İnkılap Mah.,2. Kat,16 Yaşında,3 + 1,160 m²,36.000
01-10-2024,Daire,Nato Yakını- Buca Akıncılar Da 3+1 Kiralık Daire,İzmir / Buca / Akıncılar Mah.,2. Kat,31 Yaşında,3 + 1,104 m²,17.000
18-09-2024,Daire,Buca'Da Siteiçi Doğalgazlı Arakat Otoparklı 3 Balkonlu Geniş 3+1 Kiralık Daire Esnafoğlu'Ndan...,İzmir / Buca / Atatürk Mah.,5. Kat,16 Yaşında,3 + 1,180 m²,26.000
07-10-2024,Daire,Buca Ssk Karşısında 3+1 İçi Yapılı Çift Cephe D.Gazlı Balkonlu Satılık Daire,İzmir / Buca / Vali Rahmi Bey Mah.,3. Kat,20 Yaşında,3 + 1,120 m²,19.000
14-07-2024,Daire,Üniversitelere Alışveriş Merkezlerine Cafelerin Sokağında 1+1 Yeni Bina,İzmir / Buca / Vali Rahmi Bey Mah.,En Üst Kat,Sıfır Bina,1 + 1,83 m²,22.000
05-10-2024,Daire,Buca Hasanağa Parkına Yürüme Mesafesinde 2+0 Eşyalı Kiralık Daire,İzmir / Buca / Adatepe Mah.,Ara Kat,8 Yaşında,2 + 1,55 m²,18.000
22-07-2024,Daire,3+1 Doğalgazlı Bahçeli Balkonlu Çift Cepheli Daire,İzmir / Buca / Şirinkapı Mah.,Yüksek Giriş,5 Yaşında,3 + 1,120 m²,22.000
06-09-2024,Residence,Buca Hasan Ağa Bahçesi Günlük Kiralık,İzmir / Buca / Adatepe Mah.,En Üst Kat,5 Yaşında,3 + 1,80 m²,350
09-09-2024,Daire,"2+1, İzban Yakını Kiralık Daire",İzmir / Buca / İnkılap Mah.,En Üst Kat,30 Yaşında,2 + 1,100 m²,13.000
06-09-2024,Daire,Era Niva'Dan Buca Menderes Mahallesinde Kiralık Daire,İzmir / Buca / Menderes Mah.,1. Kat,21 Yaşında,3 + 1,125 m²,25.000
03-09-2024,Daire,Buca-İnönü Mh.De Kiralık 3+1 Dubleks Büyük Teraslı Daire,İzmir / Buca / İnönü Mah.,3. Kat,1 Yaşında,3 + 1,180 m²,30.000
16-08-2024,Daire,Has Cetınlerden Kıralık 2+1dogalgazlı Arakat Daıre,İzmir / Buca / Göksu Mah.,2. Kat,11 Yaşında,2 + 1,95 m²,15.000
04-08-2024,Daire,Arga'Dan Hasanağa Bahçesi Yanı Eşyalı 1+1 Kiralık Daire.,İzmir / Buca / Adatepe Mah.,Yüksek Giriş,6 Yaşında,1 + 1,45 m²,15.000
28-09-2024,Daire,Buca Kuruçeşme Kadın Doğum Yakını Kiralik 1+1 Kıssasını Düzenli Ödeyecek Kişilere Verilecektir,İzmir / Buca / Kuruçeşme Mah.,Bahçe Katı,8 Yaşında,1 + 1,50 m²,10.000
14-08-2024,Daire,Tınaztepe Hastanesi Yanı Üni. Karşısı Fırsat 1+1,İzmir / Buca / Kuruçeşme Mah.,1. Kat,Sıfır Bina,1 + 1,55 m²,11.500
09-09-2024,Daire,Güneş Emlak'Tan Üniversite Yakını Full Eşyalı 1+1 Kiralık Daire,İzmir / Buca / Adatepe Mah.,2. Kat,5 Yaşında,1 + 1,45 m²,14.000
30-09-2024,Daire,Marka’Dan 1+1 Eşyalı Klimalı Kiralık Daire,İzmir / Buca / Atatürk Mah.,Ara Kat,8 Yaşında,1 + 1,50 m²,13.500
27-09-2024,Daire,Üniversite Karşısı Ara Kat Full Eşyalı 1+1,İzmir / Buca / Atatürk Mah.,3. Kat,4 Yaşında,1 + 1,45 m²,15.000
07-10-2024,Daire,Buca İşçievleri Barış Mh. 2+1 80m2 Doğalgazlı Kiralık Arakat Daire,İzmir / Buca / Barış Mah.,1. Kat,25 Yaşında,2 + 1,80 m²,18.000
01-10-2024,Daire,Buca Atatürk Mahallesinde Fulleşyalı Kiralık Arakat 1+1 Daire,İzmir / Buca / Atatürk Mah.,Ara Kat,4 Yaşında,1 + 1,45 m²,14.000
03-10-2024,Daire,"Parisa""Dan Tınaztepe Kampüs Ve Hasanağa Parkına Yakın Eşyalı 1+1",İzmir / Buca / Atatürk Mah.,2. Kat,7 Yaşında,1 + 1,55 m²,14.000
08-10-2024,Daire,Buca Belediyesi Yakını Menderes Caddesi Üzeri Kiralık 2+1 Daire,İzmir / Buca / Vali Rahmi Bey Mah.,En Üst Kat,41 Yaşında,2 + 1,97 m²,17.000
30-09-2024,Daire,Buca Seyfi Demirsoy Hast. Yanı 2+1 Açık Mutfak Balkonlu D.Gazlı Klimalı Geniş Kiralık Daire,İzmir / Buca / Kozağaç Mah.,1. Kat,8 Yaşında,2 + 1,95 m²,21.000
29-09-2024,Daire,Ref'Den Kampüs Karşısı Eşyalı Kiralik 1+1 Daire,İzmir / Buca / Kuruçeşme Mah.,Bahçe Katı,4 Yaşında,1 + 1,55 m²,14.000
03-09-2024,Daire,Buca-İnönü Mh.De Kiralık 4+1 Dubleks Büyük Teraslı Daire,İzmir / Buca / İnönü Mah.,3. Kat,1 Yaşında,4 + 1,180 m²,30.000
11-09-2024,Daire,Turpa Ayel Yapıda 2+1 Kiralık,İzmir / Buca / Çamlıkule Mah.,Ara Kat,15 Yaşında,2 + 1,150 m²,18.000
27-08-2024,Daire,Yaylacıkda 3+1 Eşyalı Kiralık Daire,İzmir / Buca / Yaylacık Mah.,2. Kat,21 Yaşında,3 + 1,130 m²,23.000
02-08-2024,Daire,Buca Da Eşyalı Kiralık 1+1 Daire,İzmir / Buca / Kozağaç Mah.,Zemin,5 Yaşında,1 + 1,45 m²,15.500
18-09-2024,Daire,Nezih Site İçi ''3+1'' Otoparklı - Çocuk Parklı Kiralık Daire,İzmir / Buca / Atatürk Mah.,8. Kat,15 Yaşında,3 + 1,120 m²,23.000
09-09-2024,Daire,Güneş Emlaktan 2+1 80m D.Gazlı Asansör Otopark Balkon Sıfır Lüks,İzmir / Buca / Akıncılar Mah.,2. Kat,Sıfır Bina,2 + 1,80 m²,21.500
15-09-2024,Daire,Marka'Dan Hasanağa Bahçesi'Nin Yanında 1+1 Klimalı Kiralık Dair,İzmir / Buca / Adatepe Mah.,2. Kat,4 Yaşında,1 + 1,55 m²,12.000
27-09-2024,Daire,Üniversite Yakını Full Eşyalı 1+1,İzmir / Buca / Atatürk Mah.,2. Kat,4 Yaşında,1 + 1,45 m²,15.000
10-09-2024,Daire,Kampüse Yürüme Mesafesinde Geniş Balkonlu Eşyalı 2+1,İzmir / Buca / Kuruçeşme Mah.,2. Kat,5 Yaşında,2 + 1,55 m²,20.000
25-09-2024,Daire,Buca Ada Emlaktan Dumlupınar Mh. 1+1 Mh Kiralık Daire,İzmir / Buca / Dumlupınar Mah.,2. Kat,4 Yaşında,1 + 1,70 m²,14.000
25-09-2024,Daire,Buca Yeşilbağlar' Da 2+1 Kiralık Daire,İzmir / Buca / Yeşilbağlar Mah.,Zemin,25 Yaşında,2 + 1,100 m²,15.000
22-08-2024,Daire,Buca Adatepe Mh. 2+1 Amerikan Mutfak Klimalı Kiralık Daire,İzmir / Buca / Buca OSB Mah.,2. Kat,15 Yaşında,2 + 1,85 m²,13.000
20-09-2024,Daire,Bucanın Merkezinde Menderes Mah 2+1 A.Mutfak Sıfır Kiralık Daire,İzmir / Buca / Menderes Mah.,2. Kat,Sıfır Bina,2 + 1,80 m²,20.000
01-10-2024,Daire,Şirinyer İzban Dibinde 3+1 Açık Mutfak Y.Giriş Bahçeli D.Gazlı Kiralık Lüks Daire,İzmir / Buca / İnkılap Mah.,Yüksek Giriş,5 Yaşında,3 + 1,135 m²,26.000
02-09-2024,Daire,Buca-İnönü De Kiralık Dubleks 4+1daire,İzmir / Buca / İnönü Mah.,3. Kat,Sıfır Bina,4 + 1,180 m²,30.000
26-09-2024,Daire,Goldia Yapıdan İbf Yakını Temiz Eşyalı Kiralık,İzmir / Buca / Adatepe Mah.,Ara Kat,13 Yaşında,1 + 1,56 m²,16.000
12-08-2024,Daire,Oyak Buca 1 Etap Konutları Kiralık 3+1 Bahçe Katı,İzmir / Buca / Aydoğdu Mah.,Giriş Katı,3 Yaşında,3 + 1,178 m²,45.000
12-09-2024,Daire,Safir'Den Eşyasız Doğalgazlı Kiralık 2+1 Daire,İzmir / Buca / Mustafa Kemal Mah.,2. Kat,5 Yaşında,2 + 1,95 m²,18.000
01-10-2024,Daire,Ava Emlak'Tan 9 Eylül Hukuk Fak. Yürüme Mesafesinde 2+1 Daire,İzmir / Buca / Adatepe Mah.,Giriş Katı,8 Yaşında,2 + 1,60 m²,15.500
15-09-2024,Daire,Marka'Dan Tınaztepe Kampüs Karşısı Doğal Gazlı Klimalı Kiralık D,İzmir / Buca / Kuruçeşme Mah.,2. Kat,4 Yaşında,1 + 1,55 m²,17.000
06-09-2024,Daire,One House Gayrimenkul Den Kiralık Daire,İzmir / Buca / Adatepe Mah.,Ara Kat,5 Yaşında,1 + 1,65 m²,14.000
27-09-2024,Daire,Üniversite Yakını Ara Kat Asansörlü Full Eşyalı 1+1,İzmir / Buca / Kuruçeşme Mah.,1. Kat,4 Yaşında,1 + 1,55 m²,17.000
26-09-2024,Daire,Buca Yenigün'De Kaymakamlık Halk Eğitim Karşısı 3+1 120 M2 Arakat Balkonlu Kiralık Daire,İzmir / Buca / Yenigün Mah.,2. Kat,15 Yaşında,3 + 1,125 m²,14.000
26-08-2024,Daire,Hasanağa Parkina Yurume Mesafesinde Yaylacikda 3+1 Esyali Daire,İzmir / Buca / Yaylacık Mah.,2. Kat,23 Yaşında,3 + 1,130 m²,23.000
02-09-2024,Daire,Akıncılar Mah. 3+1 Full Eşyalı Arakat Kiralık Daire,İzmir / Buca / Akıncılar Mah.,2. Kat,30 Yaşında,3 + 1,110 m²,24.000
01-10-2024,Daire,Buca Menderes Caddesi Üzerinde 3+1 Arakat Dogalgazlı Balkonlu Daire,İzmir / Buca / Barış Mah.,Ara Kat,25 Yaşında,3 + 11,125 m²,20.000
02-09-2024,Daire,Buca-İnönü Mh.De Kiralık 3+1 Dubleks Büyük Teraslı Daire,İzmir / Buca / İnönü Mah.,Ara Kat,1 Yaşında,3 + 1,150 m²,30.000
09-09-2024,Daire,Güneş Emlaktan 1+1 40m Dgazlı Asansör G.Kameralı Bina Lüks Daire,İzmir / Buca / Yaylacık Mah.,4. Kat,3 Yaşında,1 + 1,40 m²,14.000
25-08-2024,Daire,Kız Öğrencisine Kiralık,İzmir / Buca / Menderes Mah.,Ara Kat,10 Yaşında,2 + 1,95 m²,20.000
12-09-2024,Daire,Safir'Den Kiralık 2+1 Doğal Gazlı Kapalı&Muftak&Sıfır Bina,İzmir / Buca / Yıldız Mah.,2. Kat,Sıfır Bina,2 + 1,95 m²,20.000
12-08-2024,Daire,Sıfır Binada Otoparklı Kiralık Daire,İzmir / Buca / Ufuk Mah.,1. Kat,Sıfır Bina,2 + 1,90 m²,15.000
18-09-2024,Daire,Adatepe 2+1 Eşyalı Kiralık Daire,İzmir / Buca / Adatepe Mah.,1. Kat,12 Yaşında,2 + 1,75 m²,20.000
15-09-2024,Daire,Marka'Dan Anacadde Kampüs Yakını Eşyalı Doğal Gazlı Kiralık Dair,İzmir / Buca / Yaylacık Mah.,2. Kat,4 Yaşında,1 + 1,55 m²,12.500
10-08-2024,Daire,Kozağaç Mah.Sıfır Doğalgazlı Bayan Öğrenciye Kiralık 1+1 Daire,İzmir / Buca / Kozağaç Mah.,2. Kat,3 Yaşında,1 + 1,70 m²,13.000
02-10-2024,Daire,Adatepe Mh 2+1 Eşyalı Daire,İzmir / Buca / Adatepe Mah.,Giriş Katı,15 Yaşında,2 + 1,65 m²,16.000
13-09-2024,Daire,Üniversite Yakını Ara Kat Asansörlü Full Eşyalı 1+1,İzmir / Buca / Kuruçeşme Mah.,Ara Kat,4 Yaşında,1 + 1,50 m²,17.000
19-09-2024,Residence,Ultra Lüks Kiralık Evler,İzmir / Buca / Adatepe Mah.,3. Kat,2 Yaşında,2 + 1,70 m²,300
30-08-2024,Daire,Turpa Ayel Yapıda 2+1 Kiralık,İzmir / Buca / Çamlıkule Mah.,Çatı Katı,10 Yaşında,2 + 1,70 m²,25.000
02-09-2024,Daire,"Efeler Mah.58 M2 Full Eşyalı, Bahçeli 1+1 Kiralık Daire",İzmir / Buca / Efeler Mah.,Kot 1,10 Yaşında,1 + 1,65 m²,17.000
23-08-2024,Daire,Ava Emlak'Tan Şirinyer'De 3+1 145 M2 Asansörlü Geniş Daire,İzmir / Buca / Yiğitler Mah.,3. Kat,10 Yaşında,3 + 1,145 m²,30.000
07-10-2024,Daire,Buca Tınaztepe Ahmet Yesevi Kız Yurdu Yanı 1+1 Full Eşyalı Klimalı Bahçeli Lüx Kiralık Daire,İzmir / Buca / Kuruçeşme Mah.,Giriş Katı,5 Yaşında,1 + 1,55 m²,14.000
12-09-2024,Daire,Marka'Dan Anacadde&Kampüs Yakını Doğal Gazlı Eşyalı Kiralık Dair,İzmir / Buca / Kuruçeşme Mah.,2. Kat,4 Yaşında,1 + 1,55 m²,15.000
10-09-2024,Daire,Buca Hastane Yakını Eşyalı Geniş Çift Balkonlu 1+1,İzmir / Buca / Yıldız Mah.,3. Kat,4 Yaşında,1 + 1,55 m²,19.000
22-09-2024,Daire,Menderes Caddesine Yakın Doğalgazlı 1+0,İzmir / Buca / Menderes Mah.,Yüksek Giriş,10 Yaşında,Stüdyo,40 m²,12.000
03-09-2024,Daire,Akıncılar Mah.Full Tadilatlı Site İçinde Arakat 3+1kiralık Daire,İzmir / Buca / Akıncılar Mah.,9. Kat,17 Yaşında,3 + 1,135 m²,27.000
04-10-2024,Daire,Atatürk Mh'De Fakülteler Yakını '1+1' Eşyalı Kiralık Daire,İzmir / Buca / Atatürk Mah.,Yüksek Giriş,5 Yaşında,1 + 1,60 m²,13.750
16-09-2024,Daire,Buca Üniversitelere Yakın 1+1 Eşyalı Bayan Öğrenciye Uygun Kiralık Daire,İzmir / Buca / Adatepe Mah.,En Üst Kat,5 Yaşında,1 + 1,50 m²,15.000
02-10-2024,Daire,Buca Belediyesi Yanında Sadece Öğrenciye Kiralık 3+1 Arakat Kısmi Eşyalı Daire,İzmir / Buca / Vali Rahmi Bey Mah.,3. Kat,20 Yaşında,3 + 1,130 m²,19.000
12-08-2024,Daire,Ref’Den Doğuş Cad’De D.Gazlı Balkonlu 145m2 Kiralık 3+1,İzmir / Buca / Kuruçeşme Mah.,2. Kat,16 Yaşında,3 + 1,155 m²,20.000
09-09-2024,Daire,Ev Arkadaşı Arıyorum.,İzmir / Buca / Yıldız Mah.,Giriş Katı,10 Yaşında,1 + 1,70 m²,4.500
19-09-2024,Daire,Tınaztepe Hastahanesi Yakını Günlük Lüks Daireler,İzmir / Buca / Adatepe Mah.,Ara Kat,3 Yaşında,2 + 1,60 m²,200
26-09-2024,Daire,Viraj Emlak Kiralık 3+1 125m Ara Kat Şirinyer İzban Civarı,İzmir / Buca / Hürriyet Mah.,3. Kat,20 Yaşında,3 + 1,125 m²,22.000
10-09-2024,Daire,Atatürk Mah. 1+0 Stüdyo Faturalar Kiraya Dahil Eşyalı Daire,İzmir / Buca / Yıldız Mah.,2. Kat,1 Yaşında,Stüdyo,40 m²,15.000
15-09-2024,Daire,Ada Emlaktan Kiralık 2+1 Eşyalı Doğalgazlı Klimalı Daire,İzmir / Buca / Adatepe Mah.,2. Kat,5 Yaşında,2 + 1,75 m²,20.000
02-09-2024,Daire,İscievlerinde 3+1 Sıfır Kiralik Daire,İzmir / Buca / Dicle Mah.,Giriş Katı,Sıfır Bina,3 + 1,130 m²,28.000
03-10-2024,Daire,Arga'Dan Buca Çevik Bir Yakını 3+1 Eşyalı D.Gazlı Kiralık Daire.,İzmir / Buca / Yenigün Mah.,Ara Kat,25 Yaşında,3 + 1,125 m²,23.000
09-10-2024,Daire,Marka'Dan Merkezi Konumda Eşyalı D.Gazlı Kiralık Daire,İzmir / Buca / Atatürk Mah.,Yüksek Giriş,4 Yaşında,1 + 1,55 m²,16.000
02-09-2024,Daire,1+1 Eşyalı Kurucesme Kiralık Daire,İzmir / Buca / Kuruçeşme Mah.,2. Kat,15 Yaşında,1 + 1,45 m²,15.000
05-09-2024,Daire,Buca- Seyfi Demirsoy Hastanesi Yanı Kiralık 3+1 Eşyalı Daire,İzmir / Buca / Efeler Mah.,4. Kat,26 Yaşında,3 + 1,120 m²,26.000
03-08-2024,Daire,Ref'Den Site İçerisinde Arakat D.Gazlı Klimalı Geniş 3+1 Kiralık Daire,İzmir / Buca / Buca Koop. Mah.,3. Kat,20 Yaşında,3 + 1,135 m²,20.000
26-09-2024,Daire,Yaylacık Mahallesinde 1+1 55 M2 Balkonlu Doğalgazlı Eşyalı Kiralık Ev,İzmir / Buca / Yaylacık Mah.,Ara Kat,7 Yaşında,1 + 1,60 m²,19.000
03-10-2024,Daire,Tınaztepe Kampüs Yakını 1+1 Full Eşyalı Klimalı Lüx Daire,İzmir / Buca / Kuruçeşme Mah.,1. Kat,5 Yaşında,1 + 1,45 m²,16.000
08-08-2024,Daire,Günlük Kiralık Daire 1+1 Full Eşyalı Duru Butik Otel,İzmir / Buca / Mustafa Kemal Mah.,Ara Kat,3 Yaşında,1 + 1,100 m²,300
26-09-2024,Daire,Viraj Emlak My Via Site İçinde Havuzlu Eşyalı Kiralık Buca,İzmir / Buca / Atatürk Mah.,Yüksek Giriş,7 Yaşında,1 + 1,50 m²,16.000
09-09-2024,Daire,Kuruçeşme Mah. Fakülte Yakını 55 M2 Bahçeli 1+1 Kiralık Daire...,İzmir / Buca / Adatepe Mah.,Bahçe Katı,6 Yaşında,1 + 1,55 m²,15.000
03-09-2024,Daire,Nato Kavşağında Asansörlü Otoparklı Balkonlu Doğalgazlı 2+1,İzmir / Buca / İnkılap Mah.,Yüksek Giriş,7 Yaşında,2 + 1,90 m²,18.000
15-09-2024,Daire,Buca Ada Emlak'Tan Atatürk Mh.Kiralık Site İçi 3+1 Dgzlı Daire,İzmir / Buca / Adatepe Mah.,2. Kat,16 Yaşında,3 + 1,140 m²,18.000
10-09-2024,Daire,Tınaztepe Kampüs Karşısı Eşyasız Kiralık 2+1 Daire,İzmir / Buca / Kuruçeşme Mah.,1. Kat,16 Yaşında,2 + 1,80 m²,17.000
12-09-2024,Daire,Safir'Den Atatürk Mahallesinde 2+1 Eşyasız Doğalgazlı Kiralık,İzmir / Buca / Atatürk Mah.,2. Kat,4 Yaşında,2 + 1,70 m²,15.000
09-10-2024,Daire,Öğrenciye Eşyalı Kiralık 3+1,İzmir / Buca / Atatürk Mah.,7. Kat,11 Yaşında,3 + 1,130 m²,30.000
19-08-2024,Daire,Buca Fırat Mahallesinde Fidanlık Yakını Bahçeli//Doğalgazlı// Emekli Karı Kocaya//2+1 Daire,İzmir / Buca / Fırat Mah.,Yüksek Giriş,25 Yaşında,2 + 1,120 m²,16.000
28-09-2024,Daire,Kuruçeşme Mahallesinde Asem Loft Kiralık Eşyalı 1+1,İzmir / Buca / Kuruçeşme Mah.,6. Kat,4 Yaşında,1 + 1,55 m²,13.500
06-09-2024,Daire,Buca Adatepede 15 Bin Tl Kiralik Daire,İzmir / Buca / Adatepe Mah.,6. Kat,8 Yaşında,2 + 1,75 m²,15.000
04-09-2024,Daire,Yaylacık Mahallesinde 1+1 65 M2 Balkonlu Doğalgazlı Eşyalı Kiralık Ev,İzmir / Buca / Şirinkapı Mah.,Ara Kat,7 Yaşında,1 + 1,65 m²,19.000
26-09-2024,Daire,Çevikbir Meydan Buca Ssk Hastane Yanı Merkezi Konum 3+1 D.Gazlı Kiralık Lüks Daireler,İzmir / Buca / Kozağaç Mah.,3. Kat,10 Yaşında,3 + 1,130 m²,25.000
10-10-2024,Daire,Er Yapı Emlak Ofisi 3+1 T.Kampüse 3dk Site İçi Otopark Asansörlü,İzmir / Buca / Atatürk Mah.,8. Kat,16 Yaşında,3 + 1,140 m²,24.000
17-09-2024,Daire,Buca Kuruçeşme Meydan'Da Full Eşyalı Yüksek Giriş,İzmir / Buca / Kuruçeşme Mah.,Yüksek Giriş,1 Yaşında,1 + 1,55 m²,16.000
07-08-2024,Daire,Sahibinden 1+1 Full Eşyalı Doğalgazlı Daire,İzmir / Buca / Kuruçeşme Mah.,2. Kat,5 Yaşında,1 + 1,55 m²,19.000
10-09-2024,Daire,Deü İibf Yakını Arakat Full Eşyalı 1+1 Kiralık Daire,İzmir / Buca / Adatepe Mah.,2. Kat,5 Yaşında,1 + 1,50 m²,14.500
07-09-2024,Daire,Güneş Emlak'Tan 2+1 110 M2 D.Gazlı K.Mutfak Cadde Üzeri Önü Açık Sıfır Ayarında Lüks Daire,İzmir / Buca / İnkılap Mah.,3. Kat,10 Yaşında,2 + 1,120 m²,21.500
09-10-2024,Daire,Buca Hasanağa Bahçesine Yürüme Mesafesinde 1+1 Esyali Kiralık Daire,İzmir / Buca / Adatepe Mah.,En Üst Kat,8 Yaşında,1 + 1,50 m²,17.000
15-09-2024,Daire,"Ada Emlaktan Buca Atatürk Mah.Kiralık 2+1 Eşyalı , Dgz, Daire",İzmir / Buca / Atatürk Mah.,2. Kat,5 Yaşında,2 + 1,85 m²,24.000
07-10-2024,Daire,Kampüse Yürüme Mesafesinde 1+1 Temiz Daire,İzmir / Buca / Atatürk Mah.,2. Kat,3 Yaşında,1 + 1,55 m²,14.500
07-09-2024,Daire,Güneş Emlak'Tan Şirinyer İzban Yanı 3+1 135 M2 D.Gazlı Y. Giriş Bahçeli Yeni Lüks Daire,İzmir / Buca / İnkılap Mah.,Yüksek Giriş,9 Yaşında,3 + 1,135 m²,24.000
14-08-2024,Daire,Üniversite Karşısı Muhteşem Konumda 140 M2 3+1 Kiralık Daire,İzmir / Buca / Atatürk Mah.,2. Kat,11 Yaşında,3 + 1,154 m²,30.000
02-10-2024,Daire,Eroğlu Gayrimenkulden 1+1,İzmir / Buca / Kuruçeşme Mah.,3. Kat,8 Yaşında,1 + 1,65 m²,15.000
26-09-2024,Daire,Buca Adatepe Mh. Sahibinden Kiralik 1+1 Esyali Daire,İzmir / Buca / Adatepe Mah.,Ara Kat,5 Yaşında,1 + 1,50 m²,19.000
02-10-2024,Daire,Marka'Dan Üçkuyular Meydanda Asansörlü Yeni Binada D.Gazlı 1+1,İzmir / Buca / Atatürk Mah.,2. Kat,Sıfır Bina,1 + 1,55 m²,20.000
03-10-2024,Daire,Buca Yıldız'Da Üni Yakını 1+1 Doğalgazlı Full Eşyalı Boyalı Klimalı Lüx Kiralık Daire,İzmir / Buca / Yıldız Mah.,2. Kat,4 Yaşında,1 + 1,55 m²,16.500
25-09-2024,Daire,Buca Yeşilbağlar'Da 1+1 Ayrı Mutfaklı Kiralık Daire,İzmir / Buca / Yeşilbağlar Mah.,Zemin,20 Yaşında,1 + 1,85 m²,12.000
17-08-2024,Daire,Buca Kuruçeşme Mh. 1+1 Doğalgazlı Asansörlü Full Eşyalı Kiralık Daire,İzmir / Buca / Kuruçeşme Mah.,1. Kat,7 Yaşında,1 + 1,50 m²,16.000
10-10-2024,Daire,Er Yapı Emlak Ofisinden T.Tepe Kampüs Karşısı D.Gazlı Klimalı,İzmir / Buca / Kuruçeşme Mah.,2. Kat,5 Yaşında,2 + 1,65 m²,21.000
07-09-2024,Daire,Güneş'Ten Evka 1 Cumhuriyet Mh. De 3+1 130m2,İzmir / Buca / Cumhuriyet Mah.,En Üst Kat,21 Yaşında,3 + 1,130 m²,20.000
10-09-2024,Daire,Kuruçeşme'De Full Eşyalı Kiralık 1+1 Daire,İzmir / Buca / Kuruçeşme Mah.,Yüksek Giriş,5 Yaşında,1 + 1,55 m²,16.000
02-10-2024,Daire,Marka'Dan Merkezi Konumda 1+1 Kiralık Daire,İzmir / Buca / Kozağaç Mah.,2. Kat,4 Yaşında,1 + 1,55 m²,15.000
07-09-2024,Daire,Depozitosuz Şirinyer Metro 200m 3+1 120m Balkon 2 Cephe Arakat,İzmir / Buca / İnkılap Mah.,3. Kat,9 Yaşında,3 + 1,120 m²,28.500
29-09-2024,Daire,Ref'Den Kampüs Karşısı Geniş D.Gazlı Kiralık 1+1 Daire,İzmir / Buca / Kuruçeşme Mah.,2. Kat,4 Yaşında,1 + 1,55 m²,17.500
11-08-2024,Daire,İzmir Buca Atatürk Mah. Doğalgazlı Eşyalı Kiralık 1+1 Daire,İzmir / Buca / Atatürk Mah.,2. Kat,4 Yaşında,1 + 1,61 m²,16.500
10-09-2024,Daire,Kuruçeşme'De Eşyalı 1+1 Kiralık Daire,İzmir / Buca / Kuruçeşme Mah.,Ara Kat,6 Yaşında,1 + 1,50 m²,15.750
04-09-2024,Daire,Efeler Mahallesi Eşyalı Daire,İzmir / Buca / Efeler Mah.,Kot 1,3 Yaşında,1 + 1,70 m²,25.000
21-09-2024,Daire,Buca Şirinyer İzban İstasyonu Arkası 3+1 140m2 Doğalgazlı Daire,İzmir / Buca / İnkılap Mah.,2. Kat,25 Yaşında,3 + 1,140 m²,22.000
10-10-2024,Daire,Er Yapı Emlak Ofisinden 2+1 Klimalı T.Tepe Kampüs Yakını,İzmir / Buca / Adatepe Mah.,1. Kat,5 Yaşında,2 + 1,60 m²,20.000
13-08-2024,Daire,Kiralık 3+1 140m D.Gazlı Önü Açık Daire Barış Mah Kız Kulesi Buca,İzmir / Buca / Barış Mah.,En Üst Kat,20 Yaşında,3 + 1,150 m²,21.000
11-09-2024,Daire,Turpa Ayel Yapıda 1+1 Kiralık,İzmir / Buca / Çamlıkule Mah.,Ara Kat,10 Yaşında,1 + 1,50 m²,17.500
28-08-2024,Daire,Buca İnönü Mh. 2+1 85m2 Doğalgazlı Arakat E.Banyolu Daire,İzmir / Buca / İnönü Mah.,3. Kat,10 Yaşında,2 + 1,85 m²,15.500
02-10-2024,Daire,Marka’Dan Eşyalı 1+1 Klimalı Kiralık Daire,İzmir / Buca / Atatürk Mah.,Giriş Katı,4 Yaşında,1 + 1,55 m²,13.000
12-08-2024,Daire,Ay Gayrimenkul'Den Buca Da 1+1 Sıfır Daire,İzmir / Buca / Kuruçeşme Mah.,1. Kat,Sıfır Bina,1 + 1,60 m²,16.000
06-09-2024,Daire,Adatepe Dokuzçeşmelerde 1+1 Eşyalı Daire,İzmir / Buca / Adatepe Mah.,1. Kat,7 Yaşında,1 + 1,60 m²,15.500
07-10-2024,Daire,Buca Oyak 1. Etap Konutlarında Kiralık 3+1 Bahçe Katı,İzmir / Buca / Aydoğdu Mah.,Bahçe Katı,5 Yaşında,3 + 1,177 m²,42.000
08-08-2024,Daire,Nirvana Gayrimenkul'Den 2+1 Kiralık Daire,İzmir / Buca / Yıldız Mah.,Giriş Katı,30 Yaşında,2 + 1,80 m²,12.000
07-10-2024,Daire,Üniversiteye Ve Hasanağa Parkına Yürüme Mesafesinde,İzmir / Buca / Yıldız Mah.,2. Kat,1 Yaşında,1 + 1,57 m²,17.500
21-09-2024,Daire,Er Yapı Emlak Ofisinden Hasanağa Bahçesi Ve İibf Civarı 2+1,İzmir / Buca / Yaylacık Mah.,2. Kat,5 Yaşında,2 + 1,65 m²,18.000
27-08-2024,Daire,Viraj Emlak Müstakil Ev 2+1 110m Bahçeli Belenbaşı Buca,İzmir / Buca / Belenbaşı Mah.,2. Kat,5 Yaşında,2 + 1,115 m²,17.000
20-08-2024,Daire,Ref'Den Mükemmel Konumda Merkezi Konum D.Gaz+balkon Kiralık 3+1,İzmir / Buca / Kuruçeşme Mah.,2. Kat,5 Yaşında,3 + 1,120 m²,21.500
12-08-2024,Daire,***Ay Gayrimenkulden Buca Şirinkapıda 3+1 Bakımlı Daire ***,İzmir / Buca / Şirinkapı Mah.,Yüksek Giriş,5 Yaşında,3 + 1,150 m²,24.000
24-08-2024,Daire,İzmir Buca Kuruçeşme,İzmir / Buca / Kuruçeşme Mah.,Yüksek Giriş,5 Yaşında,1 + 1,55 m²,15.000
12-08-2024,Daire,Nirvana Gayrimenkul'Den Üniversiteye Yakın 3+1 Doğalgazlı Kapalı Mutfak Daire,İzmir / Buca / Atatürk Mah.,Kot 1,15 Yaşında,3 + 1,150 m²,17.000
18-07-2024,Daire,Üniversiteye Yürüme Mesafesinde 2+0 Bahçeli Ferah Daire,İzmir / Buca / Adatepe Mah.,Giriş Katı,4 Yaşında,2 + 0,80 m²,14.000
08-09-2024,Daire,Turpa Ayel Yapıda Dan 2+1,İzmir / Buca / Çamlıkule Mah.,Yüksek Giriş,15 Yaşında,2 + 1,90 m²,14.000
08-08-2024,Daire,Nirvana Gayrimenkul'Den Üniversite Yakını 2+1 Eşyalı Daire,İzmir / Buca / Atatürk Mah.,Zemin,7 Yaşında,2 + 1,70 m²,14.000
07-10-2024,Daire,İzmir Buca Kuruçeşmede Site İçerisinde Açık Otoparklı 1+1 Eşyalı Daire,İzmir / Buca / Kuruçeşme Mah.,3. Kat,7 Yaşında,1 + 1,60 m²,16.500
04-09-2024,Daire,Klimalı Asansörlü Balkonlu Kiralık 1+1 Eşyalı Daire,İzmir / Buca / Kuruçeşme Mah.,2. Kat,6 Yaşında,1 + 1,45 m²,16.000
18-09-2024,Villa,Kaynaklar'Da Kiralık 3+1 Sıfır Villa,İzmir / Buca / Kaynaklar Merkez Mah.,Bahçe Katı,Sıfır Bina,3 + 1,200 m²,40.000
23-08-2024,Daire,Şirinyer Forbes Cd. 3+1 130 M2 Doğalgazlı Kiralık Arakat Daire,İzmir / Buca / Vali Rahmi Bey Mah.,3. Kat,25 Yaşında,3 + 1,130 m²,22.000
02-10-2024,Daire,Marka'Dan Merkezi Konumda D.Gazlı Balkonlu Kiralık Daire,İzmir / Buca / Atatürk Mah.,2. Kat,4 Yaşında,1 + 1,55 m²,15.000
12-09-2024,Daire,Safir'Den Atatürk Mah. Eşyalı Doğalgazlı Kiralık 1+1 Daire,İzmir / Buca / Atatürk Mah.,2. Kat,4 Yaşında,1 + 1,55 m²,15.000
07-09-2024,Daire,Güneş'Ten 3+1 140m2 D.Gazlı Eşyalı Merkezi Konum'Da Kiralık,İzmir / Buca / Akıncılar Mah.,En Üst Kat,30 Yaşında,3 + 1,140 m²,26.500
15-09-2024,Daire,Marka'Dan Merkezi Konumda Eşyalı Klimalı 1+1 Kiralık Daire,İzmir / Buca / Kuruçeşme Mah.,2. Kat,4 Yaşında,1 + 1,55 m²,15.000
20-07-2024,Daire,Kampüs Karşısında 2+1 Eşyalı Daire,İzmir / Buca / Adatepe Mah.,2. Kat,5 Yaşında,2 + 1,120 m²,25.000
01-10-2024,Daire,Buca Çamlıpınar Mahallesinde Siteiçi 2+1 Geniş Daire,İzmir / Buca / Çamlıpınar Mah.,3. Kat,5 Yaşında,2 + 1,105 m²,25.000
03-09-2024,Daire,Üniversite Yakını Ara Kat Asansörlü Full Eşyalı 1+1,İzmir / Buca / Yaylacık Mah.,Ara Kat,1 Yaşında,1 + 1,55 m²,16.000
07-09-2024,Daire,Güneş Emlak'Tan Çevik Bir Meydan Yakını 110 M2 3+1 Eşyalı/Eşyasız Kiralık Daire,İzmir / Buca / Yenigün Mah.,Giriş Katı,20 Yaşında,3 + 1,110 m²,20.000
12-09-2024,Daire,Safir'Den Kampüs Karşısı Ara Kat Doğalgazlı Balkonlu 2+1 Daire,İzmir / Buca / Kuruçeşme Mah.,2. Kat,4 Yaşında,2 + 1,65 m²,20.000
18-09-2024,Daire,Marka'Dan 1+1 Klimalı Eşyalı Kiralık Daire,İzmir / Buca / Atatürk Mah.,Giriş Katı,5 Yaşında,1 + 1,50 m²,13.000
23-08-2024,Daire,Şirinyer Menderes Caddesi Üzeri 2+1 120 M2 Eşyalı Kiralık Arakat Daire,İzmir / Buca / Güven Mah.,2. Kat,30 Yaşında,2 + 1,120 m²,22.000
07-09-2024,Daire,Şirinyer Vergi Dairesi Yanı 2+1 Eşyalı Dgazlı 90m2 Kiralık Daire,İzmir / Buca / Barış Mah.,3. Kat,35 Yaşında,2 + 1,90 m²,22.500
04-09-2024,Daire,Marka'Dan Merkezi Konumda Klimalı Balkonlu 1+1 Kiralık Daire,İzmir / Buca / Kuruçeşme Mah.,1. Kat,4 Yaşında,1 + 1,45 m²,14.000
03-10-2024,Daire,Dokuz Eylül Tınaztepe Kampüsüne Yakın Eşyalı Kiralık 1+1 Daire,İzmir / Buca / Adatepe Mah.,Ara Kat,6 Yaşında,1 + 1,62 m²,13.000
30-08-2024,Daire,Buca Günlük Kiralık Ev - 1+1 2+1 Lüks Apart Daireler,İzmir / Buca / Adatepe Mah.,Ara Kat,2 Yaşında,2 + 2,60 m²,200
03-08-2024,Villa,Buca Kaynaklarda Ruhsatlı Sıfır Dublex,İzmir / Buca / Kaynaklar Merkez Mah.,1. Kat,Sıfır Bina,3 + 1,150 m²,38.000
04-09-2024,Daire,Marka'Dan Anacadde Kampüs Hasanağa Yakını 2+0 Full Eşyalı Daire,İzmir / Buca / Atatürk Mah.,2. Kat,5 Yaşında,2 + 0,75 m²,18.000
29-08-2024,Daire,Yenigün Mahallesi 4+1 Teraslı Kiralık Daire,İzmir / Buca / Yenigün Mah.,4. Kat,16 Yaşında,4 + 1,150 m²,20.000
26-08-2024,Daire,Yaylacık Mah. 2+1 85 M2 Arakat Full Eşyalı Kiralık Daire...,İzmir / Buca / Yaylacık Mah.,2. Kat,9 Yaşında,2 + 1,85 m²,18.500
09-09-2024,Daire,Marka'Dan Hasanağa Bahçesi Yakını Eşyalı Klimalı Kiralık Daire,İzmir / Buca / Atatürk Mah.,Kot 1,5 Yaşında,2 + 1,95 m²,15.000
30-07-2024,Daire,Buca Adatepde 2+0 Geniş Kiralık Daire,İzmir / Buca / Adatepe Mah.,4. Kat,8 Yaşında,2 + 1,75 m²,16.500
31-07-2024,Daire,Adatepe Sıfır Doğalgazlı Balkonlu Kiralık Dublex 2+1,İzmir / Buca / Adatepe Mah.,2. Kat,Sıfır Bina,2 + 1,110 m²,18.000
04-09-2024,Daire,Marka'Dan Kampüs Karşısında 2+1 D.Gazlı Balkonlu Kiralık Daire,İzmir / Buca / Kuruçeşme Mah.,2. Kat,4 Yaşında,2 + 1,75 m²,18.500
05-08-2024,Daire,Şirinyer Merkeze Yakın 2 Oda 1 Salon Arakat Daire,İzmir / Buca / Güven Mah.,Ara Kat,5 Yaşında,2 + 1,90 m²,22.500
05-09-2024,Villa,Marka'Dan Anacadde Kampüs Hasanağa Yakını 2+0 Full Eşyalı Daire,İzmir / Buca / Atatürk Mah.,,9 Yaşında,2 + 1,75 m²,18.000
12-09-2024,Daire,Safir'Den Adatepe Mahallesinde Eşyasız 3+1 Daire,İzmir / Buca / Adatepe Mah.,2. Kat,5 Yaşında,3 + 1,115 m²,21.500
25-09-2024,Daire,Goldia Yapı Gayrimenkulden Sıfır Eşyalı Daire,İzmir / Buca / Atatürk Mah.,2. Kat,Sıfır Bina,1 + 1,65 m²,16.000
23-08-2024,Daire,Marka'Dan Tınaztepe Hastane Karşısı Eşyalı Klimalı Kiralık Daire,İzmir / Buca / Kuruçeşme Mah.,Yüksek Giriş,4 Yaşında,1 + 1,55 m²,12.500
12-09-2024,Daire,Safir'Den 2+1 Kapalı Mutfak Eşyalı Kiralık Daire,İzmir / Buca / Kuruçeşme Mah.,3. Kat,4 Yaşında,2 + 1,90 m²,22.000
09-09-2024,Daire,Marka'Dan Anacadde Kampüs Yakını Kapalı Mutfak 2+1 Kiralık Daire,İzmir / Buca / Atatürk Mah.,3. Kat,5 Yaşında,2 + 1,115 m²,22.000
04-10-2024,Daire,"Buca//Şirinyer'De Cadde,Üzeri//Asansörlü//200m2/Dublex3+1/Daire",İzmir / Buca / Hürriyet Mah.,3. Kat,15 Yaşında,3 + 1,200 m²,30.000
12-09-2024,Daire,Safir'Den Atatürk Mh. Doğalgazlı Eşyalı 1+1 Kiralık Daire,İzmir / Buca / Atatürk Mah.,1. Kat,4 Yaşında,1 + 1,55 m²,16.000
09-09-2024,Daire,Marka'Dan 2+0 Eşyalı Anacadde&Kampüs Yakını Klimalı Daire,İzmir / Buca / Adatepe Mah.,4. Kat,4 Yaşında,2 + 0,70 m²,18.000
12-09-2024,Daire,Safir'Den Kuruçeşme Mahallesinde Eşyalı 1+1 Kiralık Daire,İzmir / Buca / Kuruçeşme Mah.,1. Kat,4 Yaşında,1 + 1,55 m²,15.000
04-09-2024,Daire,Marka'Dan Hasanağa Yakını 3+1 Full Eşyalı Doğal Gazlı Klimalı Da,İzmir / Buca / Adatepe Mah.,6. Kat,5 Yaşında,3 + 1,125 m²,32.000
20-08-2024,Daire,Ref'Den Ünüversite Yakını Kiralık Eşyalı Daire,İzmir / Buca / Kuruçeşme Mah.,2. Kat,4 Yaşında,1 + 1,55 m²,14.500
17-09-2024,Daire,Sahibinden İibf Yakınında 5 Dk Yürüme Mesafesinde,İzmir / Buca / Adatepe Mah.,2. Kat,1 Yaşında,1 + 1,55 m²,14.000
17-08-2024,Daire,Marka'Dan Şirinyer İzbana 1 Dk Mesafede 3+1 Arakat Kiralık Daire,İzmir / Buca / İnkılap Mah.,2. Kat,26 Yaşında,3 + 1,130 m²,23.000
21-07-2024,Daire,Efsane Konum Fırsat 1+1,İzmir / Buca / Atatürk Mah.,Ara Kat,7 Yaşında,1 + 1,60 m²,13.000
04-09-2024,Daire,Marka'Dan H.Ağa Bahçesi Yakını 3+1 Arakat Kiralık Daire,İzmir / Buca / Atatürk Mah.,2. Kat,5 Yaşında,3 + 1,130 m²,21.000
08-08-2024,Daire,Nirvana Gayrimenkul'Den Site İçi 3+1 Doğalgazlı Yıldız Pazaryeri Yanı Kiralık Daire,İzmir / Buca / Yıldız Mah.,Ara Kat,20 Yaşında,3 + 1,120 m²,20.000
04-09-2024,Daire,Marka'Dan Anacadde Kampüs Yakını Klimalı 1+1 Kiralık Daire,İzmir / Buca / Atatürk Mah.,1. Kat,4 Yaşında,1 + 1,50 m²,15.000
09-09-2024,Daire,Güneş Gayrimenkul'Den Atatürk Mh. 1+1 Doğalgazlı Kiralık Daire,İzmir / Buca / Atatürk Mah.,5. Kat,Sıfır Bina,1 + 1,60 m²,15.000
11-09-2024,Daire,Kampüs Karşısı Kiralık 1+1 60m²,İzmir / Buca / Kuruçeşme Mah.,2. Kat,6 Yaşında,1 + 1,65 m²,16.000
09-09-2024,Daire,Marka'Dan Anacadde Kampüs Yakını 1+1 Eşyalı Klimalı Daire,İzmir / Buca / Adatepe Mah.,Giriş Katı,5 Yaşında,1 + 1,55 m²,13.000
05-08-2024,Daire,Ref’Den Kuruçeşmede Mükemmel Konumda D.Gazlı Kiralık Eşyalı 1+1,İzmir / Buca / Kuruçeşme Mah.,2. Kat,4 Yaşında,1 + 1,55 m²,15.000
08-08-2024,Daire,"Buca Güven Mahallesinde.//Migros Karşısında//Izbana-Forbest,Parka 5dk Mes.90m2//2+1 Memura Daire",İzmir / Buca / Güven Mah.,4. Kat,25 Yaşında,2 + 1,92 m²,16.000
23-08-2024,Daire,Marka'Dan H.Ağa Bahçesi Ve İbf Yakını 2+1 Eşyalı Kiralık Daire,İzmir / Buca / Yaylacık Mah.,3. Kat,2 Yaşında,2 + 1,70 m²,18.000
15-09-2024,Daire,İzmir Buca İnönü Mahallesin De Merkezi Konum Da Kiralık 3+1 Daire,İzmir / Buca / İnönü Mah.,2. Kat,15 Yaşında,3 + 1,140 m²,18.000
10-09-2024,Daire,Güneş Gayrimenkul'Den Atatürk Mh. 2+1 Doğalgazlı Kiralık Daire,İzmir / Buca / Atatürk Mah.,3. Kat,Sıfır Bina,2 + 1,65 m²,18.000
05-08-2024,Daire,Tınaztepe Hastanesi Yanı Kiralık Geniş 1+1 Daire,İzmir / Buca / Kuruçeşme Mah.,En Üst Kat,6 Yaşında,1 + 1,60 m²,13.000
04-09-2024,Daire,Marka'Dan Anacadde Kampüs Yakını 1+1 Klimalı Daire,İzmir / Buca / Atatürk Mah.,2. Kat,4 Yaşında,1 + 1,55 m²,16.000
09-09-2024,Daire,Marka'Dan Hasanağa Yakını 1 + 1 Klimalı Bahçeli Daire,İzmir / Buca / Atatürk Mah.,Bahçe Katı,5 Yaşında,1 + 1,55 m²,9.500
14-07-2024,Daire,Safir'Den Kiralık Balkonlu Doğalgazlı 2+1 Daire,İzmir / Buca / Kuruçeşme Mah.,2. Kat,5 Yaşında,2 + 1,70 m²,20.000
09-09-2024,Daire,Marka'Dan Anacadde&Kampüs Yakını Doğal Gazlı Kiralık Daire,İzmir / Buca / Adatepe Mah.,Kot 1,4 Yaşında,1 + 1,55 m²,12.500
07-09-2024,Daire,Gneş'Ten 2+1 80m2 Arakat D.Gazlı Kiralık Merkezi Konum,İzmir / Buca / Yiğitler Mah.,Ara Kat,4 Yaşında,2 + 1,80 m²,19.500
04-09-2024,Daire,Marka'Dan Anacadde&Kampüs Yakını 1+1 Eşyalı Klimalı Kiralık Dair,İzmir / Buca / Yıldız Mah.,3. Kat,4 Yaşında,1 + 1,55 m²,13.000
07-09-2024,Daire,Şirinyer Forbes Yakını 1+1 Doğalgazlı Kiralık Daire,İzmir / Buca / Efeler Mah.,3. Kat,10 Yaşında,1 + 1,40 m²,14.500
12-09-2024,Daire,Safir'Den Mc Donalds /Starbucks Arkası 3+1 Full Eşyalı Daire,İzmir / Buca / Kuruçeşme Mah.,3. Kat,Sıfır Bina,3 + 1,90 m²,25.000
05-09-2024,Daire,Marka'Dan Anacadde Kampüs Yakını Full Eşyalı Klimalı 1+1,İzmir / Buca / Atatürk Mah.,2. Kat,4 Yaşında,1 + 1,55 m²,15.000
07-09-2024,Daire,Buca Çevikbir Meydan Yanı 3+1 Dubleks Teraslı Doğalgazlı Kiralık,İzmir / Buca / Vali Rahmi Bey Mah.,3. Kat,14 Yaşında,3 + 1,150 m²,27.000
12-09-2024,Daire,Safir'Den Kampüs Karşısı Eşyalı Bahçeli 2+1 Kiralık Daire,İzmir / Buca / Kuruçeşme Mah.,Giriş Katı,5 Yaşında,2 + 1,65 m²,18.000
04-09-2024,Daire,Marka'Dan Anacadde İbf Tınaztepe Kamp. Yakını Fulleşyalı 1+1,İzmir / Buca / Adatepe Mah.,2. Kat,4 Yaşında,1 + 1,55 m²,13.500
13-09-2024,Daire,Safir'Den Atatürk Mahallesinde Klimalı Eşyalı 1+1 Daire,İzmir / Buca / Atatürk Mah.,5. Kat,4 Yaşında,1 + 1,55 m²,15.000
08-10-2024,Daire,Şirinyer Hürriyet Mahallesinde 1+1 Eşyalı Kiralık,İzmir / Buca / Hürriyet Mah.,Zemin,12 Yaşında,1 + 1,45 m²,10.000
04-09-2024,Daire,Marka'Dan Kampüs Yakını 1+1 Eşyalı Balkonlu Kiralık Daire,İzmir / Buca / Adatepe Mah.,Giriş Katı,5 Yaşında,1 + 1,55 m²,15.000
04-09-2024,Daire,Marka'Dan Merkezi Konumda Klimalı D.Gazlı 1+1 Kiralık Daire,İzmir / Buca / Yıldız Mah.,2. Kat,4 Yaşında,1 + 1,55 m²,16.500
04-09-2024,Daire,Marka'Dan Anacadde&Kampüs Yakını Eşyalı D.Gazlı Kiralık Daire,İzmir / Buca / Atatürk Mah.,2. Kat,4 Yaşında,2 + 1,75 m²,19.500
02-10-2024,Daire,Marka'Dan Merkezi Konumda D.Gazlı Eşyalı Balkonlu Daire,İzmir / Buca / Kuruçeşme Mah.,2. Kat,4 Yaşında,1 + 1,55 m²,15.000
04-09-2024,Daire,Markadan Anacadde Kampüs Yakını Eşyalı Klimalı 1+1 Kiralık Daire,İzmir / Buca / Yıldız Mah.,Yüksek Giriş,4 Yaşında,1 + 1,50 m²,13.000
15-07-2024,Daire,Ref’Den Doğuş Cad’De D.Gazlı Eşyalı Sıfır Eşyalı Kiralık 1+1,İzmir / Buca / Kuruçeşme Mah.,Yüksek Giriş,4 Yaşında,1 + 1,50 m²,14.000
12-08-2024,Daire,Ref’Den Kampüs Yakını Site İçerisi Kiralık Daire,İzmir / Buca / Kuruçeşme Mah.,2. Kat,Sıfır Bina,1 + 1,50 m²,13.000
04-09-2024,Daire,Marka'Dan 2+1 Eşyalı D.Gazlı Merkezi Konumda Kiralık Daire,İzmir / Buca / Kuruçeşme Mah.,6. Kat,4 Yaşında,2 + 1,80 m²,21.000
04-09-2024,Daire,Marka'Dan Anacadde&Kampüs Yakını 2+1 D.Gazlı Kiralık Daire,İzmir / Buca / Atatürk Mah.,Yüksek Giriş,4 Yaşında,2 + 1,75 m²,18.000
15-08-2024,Daire,Marka Gayrimenkulden 2+1 Eşyalı&Klimalı Hasan Ağa Bahçesi Yakını Kiralık Daire,İzmir / Buca / Yaylacık Mah.,Yüksek Giriş,6 Yaşında,2 + 1,70 m²,17.000
04-09-2024,Daire,Marka'Dan Şirinyer İzban Yakını 3+1 Eşyalı&D.Gazlı Kiralık Daire,İzmir / Buca / Barış Mah.,2. Kat,21 Yaşında,3 + 1,140 m²,25.000
04-09-2024,Daire,Marka'Dan Merkezi Konumda 1+1 Klimalı Eşyalı Kiralık Daire,İzmir / Buca / Yıldız Mah.,3. Kat,4 Yaşında,1 + 1,55 m²,13.000
16-08-2024,Daire,Safir 'Den Doğalgazlı Klimalı Kampüs Karşısi 1+1 Daire,İzmir / Buca / Kuruçeşme Mah.,2. Kat,5 Yaşında,1 + 1,60 m²,16.000
